asset_id,anomaly_score,is_anomaly (tuned),predicted_RUL,urgency_label
Asset_M,0.0,0,79.7,Monitor
Asset_L,0.0001,0,70.6,Monitor
Asset_M,0.0001,0,78.6,Monitor
Asset_M,0.0002,0,71.1,Monitor
Asset_L,0.0,0,67.2,Monitor
Asset_L,0.0001,0,66.1,Monitor
Asset_L,0.0,0,62.1,Monitor
Asset_M,0.0,0,71.6,Monitor
Asset_L,0.0001,0,52.6,Monitor
Asset_H,0.0005,0,65.2,Monitor
Asset_L,0.0258,0,41.9,Plan Maintenance
Asset_L,0.0001,0,44.2,Plan Maintenance
Asset_M,0.0013,0,36.6,Plan Maintenance
Asset_M,0.0001,0,37.0,Plan Maintenance
Asset_L,0.0,0,33.1,Plan Maintenance
Asset_M,0.0,0,37.5,Plan Maintenance
Asset_M,0.0,0,38.5,Plan Maintenance
Asset_L,0.0,0,26.1,Plan Maintenance
Asset_L,0.0002,0,21.4,Plan Maintenance
Asset_L,0.0,0,21.1,Plan Maintenance
Asset_H,0.0001,0,40.6,Plan Maintenance
Asset_M,0.0049,0,24.9,Plan Maintenance
Asset_L,0.0089,0,11.5,Immediate Action
Asset_H,0.0249,0,20.9,Plan Maintenance
Asset_L,0.0027,0,8.4,Immediate Action
Asset_M,0.2248,0,8.4,Immediate Action
Asset_L,0.9999,1,7.7,Immediate Action
Asset_L,0.125,0,4.9,Immediate Action
Asset_L,0.0199,0,3.6,Immediate Action
Asset_M,0.0,0,230.9,Healthy
Asset_L,0.0,0,228.7,Healthy
Asset_L,0.0,0,222.4,Healthy
Asset_L,0.0,0,219.5,Healthy
Asset_L,0.0,0,218.1,Healthy
Asset_L,0.0,0,217.3,Healthy
Asset_L,0.0005,0,219.0,Healthy
Asset_L,0.0,0,210.6,Healthy
Asset_L,0.0,0,205.8,Healthy
Asset_L,0.0,0,207.3,Healthy
Asset_L,0.0,0,208.2,Healthy
Asset_L,0.0,0,204.9,Healthy
Asset_H,0.0003,0,211.2,Healthy
Asset_L,0.0002,0,195.5,Healthy
Asset_L,0.0,0,199.1,Healthy
Asset_L,0.0,0,192.2,Healthy
Asset_M,0.0001,0,195.1,Healthy
Asset_L,0.0,0,190.4,Healthy
Asset_L,0.0,0,190.1,Healthy
Asset_L,0.0,0,184.9,Healthy
Asset_H,0.0,0,189.1,Healthy
Asset_L,0.0,0,177.1,Healthy
Asset_L,0.0,0,175.6,Healthy
Asset_L,0.0,0,174.9,Healthy
Asset_L,0.0,0,174.7,Healthy
Asset_L,0.0,0,170.9,Healthy
Asset_H,0.0,0,184.2,Healthy
Asset_L,0.0,0,165.4,Healthy
Asset_L,0.0,0,159.6,Healthy
Asset_L,0.0,0,157.4,Healthy
Asset_L,0.0,0,160.0,Healthy
Asset_H,0.0001,0,171.7,Healthy
Asset_M,0.0,0,156.5,Healthy
Asset_M,0.0001,0,157.5,Healthy
Asset_M,0.0001,0,151.2,Healthy
Asset_L,0.0,0,137.4,Healthy
Asset_M,0.0,0,141.9,Healthy
Asset_L,0.0,0,129.1,Healthy
Asset_M,0.0,0,138.4,Healthy
Asset_M,0.0,0,133.2,Healthy
Asset_M,0.0,0,133.4,Healthy
Asset_M,0.0,0,132.1,Healthy
Asset_L,0.0,0,116.2,Healthy
Asset_H,0.0,0,130.4,Healthy
Asset_L,0.0,0,106.2,Healthy
Asset_L,0.0,0,104.9,Healthy
Asset_L,0.0,0,101.8,Healthy
Asset_L,0.0,0,100.7,Healthy
Asset_L,0.0,0,100.6,Healthy
Asset_L,0.0,0,101.2,Healthy
Asset_L,0.0,0,100.3,Healthy
Asset_H,0.0,0,105.2,Healthy
Asset_L,0.0,0,94.5,Monitor
Asset_H,0.0001,0,99.1,Monitor
Asset_L,0.0,0,88.5,Monitor
Asset_L,0.0,0,82.8,Monitor
Asset_L,0.0,0,86.4,Monitor
Asset_L,0.0,0,82.2,Monitor
Asset_L,0.0,0,82.9,Monitor
Asset_L,0.0,0,83.9,Monitor
Asset_L,0.0,0,71.9,Monitor
Asset_L,0.0002,0,73.5,Monitor
Asset_L,0.0,0,71.8,Monitor
Asset_M,0.0,0,82.2,Monitor
Asset_L,0.0,0,72.0,Monitor
Asset_H,0.0,0,84.6,Monitor
Asset_L,0.0,0,61.9,Monitor
Asset_M,0.0,0,64.5,Monitor
Asset_L,0.0,0,59.2,Monitor
Asset_L,0.0,0,55.8,Monitor
Asset_L,0.0,0,51.8,Monitor
Asset_L,0.0,0,47.3,Plan Maintenance
Asset_L,0.0,0,42.9,Plan Maintenance
Asset_L,0.0,0,37.0,Plan Maintenance
Asset_M,0.0,0,54.3,Monitor
Asset_L,0.0,0,33.7,Plan Maintenance
Asset_L,0.0,0,26.6,Plan Maintenance
Asset_M,0.0015,0,38.4,Plan Maintenance
Asset_H,0.0002,0,40.7,Plan Maintenance
Asset_M,0.0,0,33.6,Plan Maintenance
Asset_L,0.0003,0,16.8,Immediate Action
Asset_H,0.0024,0,30.5,Plan Maintenance
Asset_M,0.9964,1,14.5,Immediate Action
Asset_M,0.0,0,236.9,Healthy
Asset_L,0.0,0,225.2,Healthy
Asset_H,0.0004,0,238.7,Healthy
Asset_L,0.0,0,215.4,Healthy
Asset_L,0.0,0,214.6,Healthy
Asset_L,0.0,0,216.6,Healthy
Asset_L,0.0,0,213.6,Healthy
Asset_L,0.0,0,209.0,Healthy
Asset_L,0.0,0,210.3,Healthy
Asset_L,0.0,0,208.5,Healthy
Asset_M,0.0,0,210.5,Healthy
Asset_H,0.0001,0,208.3,Healthy
Asset_L,0.0,0,201.2,Healthy
Asset_L,0.0,0,197.4,Healthy
Asset_L,0.0,0,195.6,Healthy
Asset_M,0.0,0,190.5,Healthy
Asset_L,0.0,0,191.7,Healthy
Asset_L,0.0,0,181.3,Healthy
Asset_H,0.0,0,191.9,Healthy
Asset_H,0.0,0,189.3,Healthy
Asset_M,0.0,0,180.8,Healthy
Asset_L,0.0,0,169.2,Healthy
Asset_L,0.0,0,169.6,Healthy
Asset_L,0.0,0,166.1,Healthy
Asset_M,0.0,0,166.7,Healthy
Asset_H,0.0,0,164.8,Healthy
Asset_L,0.0,0,150.4,Healthy
Asset_L,0.0,0,151.6,Healthy
Asset_L,0.0,0,148.8,Healthy
Asset_L,0.0,0,147.8,Healthy
Asset_M,0.0,0,160.1,Healthy
Asset_L,0.0,0,139.8,Healthy
Asset_M,0.0,0,149.4,Healthy
Asset_M,0.0,0,131.6,Healthy
Asset_L,0.0,0,129.9,Healthy
Asset_L,0.0001,0,129.0,Healthy
Asset_M,0.0,0,130.4,Healthy
Asset_M,0.0,0,131.9,Healthy
Asset_M,0.0,0,125.9,Healthy
Asset_L,0.0,0,121.6,Healthy
Asset_L,0.0001,0,119.4,Healthy
Asset_L,0.0,0,114.8,Healthy
Asset_L,0.0014,0,114.9,Healthy
Asset_L,0.0002,0,114.5,Healthy
Asset_L,0.0,0,110.3,Healthy
Asset_L,0.0001,0,107.6,Healthy
Asset_L,0.0,0,109.8,Healthy
Asset_H,0.0,0,114.3,Healthy
Asset_M,0.0,0,100.0,Monitor
Asset_H,0.0,0,106.4,Healthy
Asset_L,0.0,0,94.3,Monitor
Asset_L,0.0,0,94.1,Monitor
Asset_L,0.0,0,91.6,Monitor
Asset_L,0.0,0,90.9,Monitor
Asset_L,0.0,0,85.2,Monitor
Asset_H,0.0,0,90.2,Monitor
Asset_L,0.0,0,77.7,Monitor
Asset_M,0.0002,0,71.0,Monitor
Asset_L,0.0,0,67.7,Monitor
Asset_H,0.0001,0,85.9,Monitor
Asset_L,0.0,0,63.6,Monitor
Asset_H,0.0,0,80.2,Monitor
Asset_L,0.0,0,57.6,Monitor
Asset_M,0.0,0,63.4,Monitor
Asset_L,0.0,0,51.6,Monitor
Asset_L,0.0,0,51.1,Monitor
Asset_L,0.0,0,47.9,Plan Maintenance
Asset_L,0.0,0,43.2,Plan Maintenance
Asset_M,0.0,0,54.2,Monitor
Asset_L,0.0,0,38.7,Plan Maintenance
Asset_M,0.0001,0,49.2,Plan Maintenance
Asset_L,0.0,0,36.4,Plan Maintenance
Asset_L,0.0139,0,32.3,Plan Maintenance
Asset_L,0.0,0,29.4,Plan Maintenance
Asset_L,0.0004,0,26.8,Plan Maintenance
Asset_L,0.0001,0,27.3,Plan Maintenance
Asset_M,0.0,0,37.9,Plan Maintenance
Asset_L,0.0087,0,26.7,Plan Maintenance
Asset_M,0.0001,0,33.4,Plan Maintenance
Asset_M,0.0083,0,22.7,Plan Maintenance
Asset_L,1.0,1,20.1,Plan Maintenance
Asset_L,0.0002,0,18.8,Immediate Action
Asset_L,0.0223,0,17.4,Immediate Action
Asset_L,0.9997,1,15.3,Immediate Action
Asset_L,0.0,0,13.8,Immediate Action
Asset_M,0.0006,0,11.6,Immediate Action
Asset_M,0.0031,0,10.4,Immediate Action
Asset_L,0.0,0,6.5,Immediate Action
Asset_L,0.0,0,231.9,Healthy
Asset_M,0.0,0,224.8,Healthy
Asset_L,0.0,0,222.5,Healthy
Asset_M,0.0,0,219.2,Healthy
Asset_L,0.0,0,216.0,Healthy
Asset_M,0.0,0,220.8,Healthy
Asset_L,0.0,0,212.2,Healthy
Asset_L,0.0,0,205.1,Healthy
Asset_L,0.0,0,206.9,Healthy
Asset_L,0.0,0,204.5,Healthy
Asset_H,0.0,0,209.3,Healthy
Asset_L,0.0,0,196.9,Healthy
Asset_H,0.0002,0,207.4,Healthy
Asset_M,0.0,0,190.7,Healthy
Asset_L,0.0,0,186.2,Healthy
Asset_L,0.0,0,186.3,Healthy
Asset_L,0.0001,0,181.7,Healthy
Asset_L,0.0,0,184.6,Healthy
Asset_L,0.0,0,186.6,Healthy
Asset_L,0.0,0,184.2,Healthy
Asset_M,0.0,0,178.2,Healthy
Asset_M,0.0,0,173.9,Healthy
Asset_L,0.0,0,176.3,Healthy
Asset_L,0.0,0,170.0,Healthy
Asset_L,0.0,0,171.1,Healthy
Asset_L,0.0,0,165.4,Healthy
Asset_L,0.0001,0,161.7,Healthy
Asset_M,0.0,0,162.1,Healthy
Asset_M,0.0,0,161.9,Healthy
Asset_L,0.0,0,155.2,Healthy
Asset_L,0.0,0,155.0,Healthy
Asset_L,0.0001,0,152.3,Healthy
Asset_L,0.0,0,150.6,Healthy
Asset_M,0.0,0,151.0,Healthy
Asset_L,0.0,0,141.4,Healthy
Asset_M,0.0,0,154.7,Healthy
Asset_L,0.0,0,136.9,Healthy
Asset_L,0.0,0,132.2,Healthy
Asset_L,0.0,0,127.8,Healthy
Asset_L,0.0,0,126.1,Healthy
Asset_L,0.0,0,127.3,Healthy
Asset_M,0.0001,0,129.4,Healthy
Asset_M,0.0,0,120.8,Healthy
Asset_H,0.0,0,130.8,Healthy
Asset_L,0.0,0,119.8,Healthy
Asset_M,1.0,1,113.2,Healthy
Asset_L,0.0,0,113.3,Healthy
Asset_L,0.0,0,111.6,Healthy
Asset_L,0.0,0,110.5,Healthy
Asset_L,0.0,0,109.9,Healthy
Asset_M,0.0,0,103.9,Healthy
Asset_L,0.0,0,108.2,Healthy
Asset_L,0.0,0,102.8,Healthy
Asset_L,0.0,0,101.7,Healthy
Asset_M,0.0,0,93.7,Monitor
Asset_L,0.0,0,94.6,Monitor
Asset_H,0.0,0,102.0,Healthy
Asset_M,0.0,0,82.8,Monitor
Asset_L,0.0,0,81.3,Monitor
Asset_L,0.0,0,80.9,Monitor
Asset_H,0.0,0,89.8,Monitor
Asset_H,0.0,0,82.2,Monitor
Asset_L,0.0,0,65.7,Monitor
Asset_H,0.0,0,70.5,Monitor
Asset_M,0.0,0,71.5,Monitor
Asset_H,0.0,0,64.3,Monitor
Asset_L,0.0,0,47.0,Plan Maintenance
Asset_L,0.0,0,44.7,Plan Maintenance
Asset_M,0.0,0,52.5,Monitor
Asset_H,0.0001,0,57.7,Monitor
Asset_M,0.0,0,45.3,Plan Maintenance
Asset_L,0.0,0,30.3,Plan Maintenance
Asset_L,0.0,0,32.4,Plan Maintenance
Asset_M,0.0001,0,33.5,Plan Maintenance
Asset_L,0.0,0,27.1,Plan Maintenance
Asset_M,0.0,0,26.5,Plan Maintenance
Asset_L,0.0,0,24.7,Plan Maintenance
Asset_H,0.0007,0,40.1,Plan Maintenance
Asset_L,0.0026,0,17.4,Immediate Action
Asset_L,0.0,0,20.0,Plan Maintenance
Asset_L,0.0009,0,17.9,Immediate Action
Asset_H,0.0033,0,16.9,Immediate Action
Asset_M,0.0018,0,14.8,Immediate Action
Asset_H,0.0011,0,10.8,Immediate Action
Asset_L,0.0,0,224.9,Healthy
Asset_L,0.0,0,223.9,Healthy
Asset_M,0.0,0,223.5,Healthy
Asset_L,0.0,0,214.6,Healthy
Asset_M,0.0,0,220.1,Healthy
Asset_L,0.0,0,212.2,Healthy
Asset_M,0.0,0,215.6,Healthy
Asset_L,0.0,0,204.5,Healthy
Asset_H,0.0,0,214.4,Healthy
Asset_M,0.0,0,201.9,Healthy
Asset_M,0.0,0,197.4,Healthy
Asset_L,0.0,0,196.5,Healthy
Asset_L,0.0,0,196.3,Healthy
Asset_M,0.0,0,188.6,Healthy
Asset_H,0.0004,0,193.9,Healthy
Asset_L,0.0,0,182.6,Healthy
Asset_L,0.0,0,180.2,Healthy
Asset_M,0.0,0,177.4,Healthy
Asset_L,0.0,0,178.5,Healthy
Asset_L,0.0,0,172.1,Healthy
Asset_M,0.0,0,176.7,Healthy
Asset_H,0.0,0,180.0,Healthy
Asset_M,0.0,0,166.3,Healthy
Asset_M,1.0,1,163.7,Healthy
Asset_L,0.0,0,155.2,Healthy
Asset_M,0.0,0,154.9,Healthy
Asset_L,0.0,0,149.7,Healthy
Asset_M,0.0,0,148.6,Healthy
Asset_M,0.0,0,147.2,Healthy
Asset_M,0.0,0,144.8,Healthy
Asset_L,0.0,0,137.7,Healthy
Asset_H,0.0,0,140.6,Healthy
Asset_L,0.0,0,130.4,Healthy
Asset_L,0.0,0,126.4,Healthy
Asset_H,0.0,0,133.8,Healthy
Asset_L,0.0001,0,121.5,Healthy
Asset_M,0.0004,0,119.8,Healthy
Asset_L,0.0003,0,122.5,Healthy
Asset_L,0.0001,0,121.5,Healthy
Asset_H,0.0,0,123.3,Healthy
Asset_M,0.0001,0,106.7,Healthy
Asset_M,0.0,0,106.0,Healthy
Asset_H,0.0,0,112.2,Healthy
Asset_M,0.0002,0,98.2,Monitor
Asset_L,0.0,0,102.9,Healthy
Asset_L,0.0,0,100.6,Healthy
Asset_L,0.0,0,97.1,Monitor
Asset_M,0.0,0,90.1,Monitor
Asset_L,0.0,0,89.8,Monitor
Asset_M,0.0,0,88.8,Monitor
Asset_M,0.0,0,81.2,Monitor
Asset_M,0.0009,0,79.2,Monitor
Asset_L,0.0001,0,87.0,Monitor
Asset_M,0.0,0,76.4,Monitor
Asset_L,0.0007,0,69.8,Monitor
Asset_M,0.0,0,67.9,Monitor
Asset_M,0.0,0,65.6,Monitor
Asset_L,0.0001,0,61.9,Monitor
Asset_L,0.0,0,66.0,Monitor
Asset_H,0.0001,0,67.3,Monitor
Asset_L,0.0,0,48.9,Plan Maintenance
Asset_H,0.0,0,60.7,Monitor
Asset_L,0.0,0,43.2,Plan Maintenance
Asset_L,0.0002,0,37.6,Plan Maintenance
Asset_M,0.0,0,42.5,Plan Maintenance
Asset_M,0.0005,0,37.1,Plan Maintenance
Asset_M,0.0007,0,33.9,Plan Maintenance
Asset_M,0.0201,0,30.6,Plan Maintenance
Asset_L,0.0,0,31.3,Plan Maintenance
Asset_L,0.0054,0,29.5,Plan Maintenance
Asset_L,0.004,0,28.1,Plan Maintenance
Asset_L,0.0004,0,25.6,Plan Maintenance
Asset_M,0.0041,0,29.6,Plan Maintenance
Asset_L,0.9963,1,23.9,Plan Maintenance
Asset_L,0.0,0,221.1,Healthy
Asset_M,0.0,0,218.3,Healthy
Asset_L,0.0,0,219.2,Healthy
Asset_L,0.0001,0,218.7,Healthy
Asset_L,0.0021,0,213.9,Healthy
Asset_L,0.0,0,216.7,Healthy
Asset_L,0.0001,0,217.9,Healthy
Asset_M,0.0,0,210.9,Healthy
Asset_M,0.0,0,206.5,Healthy
Asset_L,0.0,0,207.9,Healthy
Asset_L,0.0,0,204.9,Healthy
Asset_L,0.0,0,200.5,Healthy
Asset_L,0.0,0,200.6,Healthy
Asset_L,0.0,0,199.0,Healthy
Asset_M,0.0002,0,189.5,Healthy
Asset_M,0.0003,0,184.2,Healthy
Asset_L,0.0001,0,188.2,Healthy
Asset_M,0.0,0,182.5,Healthy
Asset_L,0.0001,0,182.2,Healthy
Asset_L,0.0,0,180.7,Healthy
Asset_M,0.0007,0,177.9,Healthy
Asset_L,0.0,0,179.7,Healthy
Asset_L,0.0,0,174.5,Healthy
Asset_H,0.0,0,175.3,Healthy
Asset_L,0.0,0,170.0,Healthy
Asset_M,0.0,0,161.2,Healthy
Asset_L,0.0001,0,162.6,Healthy
Asset_H,0.0,0,164.0,Healthy
Asset_M,0.0,0,150.5,Healthy
Asset_L,0.0004,0,152.1,Healthy
Asset_L,0.0001,0,147.7,Healthy
Asset_L,0.0,0,145.0,Healthy
Asset_M,0.0001,0,150.3,Healthy
Asset_L,0.0,0,144.4,Healthy
Asset_M,0.0,0,138.8,Healthy
Asset_L,0.0,0,138.1,Healthy
Asset_M,0.0,0,130.6,Healthy
Asset_M,0.0,0,129.4,Healthy
Asset_H,0.0,0,135.5,Healthy
Asset_L,0.0,0,124.2,Healthy
Asset_L,1.0,1,118.1,Healthy
Asset_L,0.0007,0,117.2,Healthy
Asset_L,0.0,0,112.9,Healthy
Asset_H,0.0,0,121.3,Healthy
Asset_L,0.0001,0,107.1,Healthy
Asset_L,0.0001,0,105.4,Healthy
Asset_L,0.0,0,104.4,Healthy
Asset_M,0.0,0,101.0,Healthy
Asset_M,0.0,0,100.1,Healthy
Asset_L,0.0001,0,102.3,Healthy
Asset_M,0.0,0,95.2,Monitor
Asset_L,0.0008,0,92.0,Monitor
Asset_L,0.0,0,94.8,Monitor
Asset_L,0.0,0,94.2,Monitor
Asset_M,0.0009,0,87.1,Monitor
Asset_M,0.0004,0,86.0,Monitor
Asset_L,0.0009,0,85.0,Monitor
Asset_M,0.0,0,83.7,Monitor
Asset_M,0.0,0,81.0,Monitor
Asset_H,0.0,0,84.0,Monitor
Asset_L,0.0047,0,73.5,Monitor
Asset_L,0.0,0,75.5,Monitor
Asset_L,0.0,0,68.1,Monitor
Asset_L,0.0,0,71.2,Monitor
Asset_H,0.0,0,73.1,Monitor
Asset_L,0.0,0,63.6,Monitor
Asset_L,0.0,0,57.4,Monitor
Asset_L,0.0,0,58.3,Monitor
Asset_L,0.0,0,53.8,Monitor
Asset_L,0.0,0,53.0,Monitor
Asset_M,0.0,0,46.5,Plan Maintenance
Asset_L,0.0,0,44.9,Plan Maintenance
Asset_L,0.0,0,41.1,Plan Maintenance
Asset_H,0.0,0,51.5,Monitor
Asset_L,0.0,0,36.6,Plan Maintenance
Asset_M,0.0,0,36.2,Plan Maintenance
Asset_M,0.0,0,24.6,Plan Maintenance
Asset_M,0.0,0,30.7,Plan Maintenance
Asset_L,0.0008,0,29.0,Plan Maintenance
Asset_L,1.0,1,22.2,Plan Maintenance
Asset_L,0.0002,0,17.0,Immediate Action
Asset_L,0.0007,0,20.1,Plan Maintenance
Asset_L,0.0,0,227.1,Healthy
Asset_L,0.0,0,225.9,Healthy
Asset_L,0.0,0,229.0,Healthy
Asset_M,0.0,0,224.5,Healthy
Asset_M,0.0,0,220.5,Healthy
Asset_M,0.0,0,217.3,Healthy
Asset_L,0.0,0,221.2,Healthy
Asset_L,0.0,0,212.0,Healthy
Asset_L,0.0,0,213.3,Healthy
Asset_L,0.0,0,212.1,Healthy
Asset_L,0.0,0,209.8,Healthy
Asset_L,0.0,0,209.4,Healthy
Asset_M,0.0,0,203.1,Healthy
Asset_L,0.0,0,204.0,Healthy
Asset_L,0.0,0,201.4,Healthy
Asset_L,0.0,0,195.5,Healthy
Asset_L,0.0,0,191.3,Healthy
Asset_L,0.0,0,191.9,Healthy
Asset_L,0.0,0,192.1,Healthy
Asset_L,0.0,0,185.7,Healthy
Asset_L,0.0,0,187.3,Healthy
Asset_L,0.0,0,185.1,Healthy
Asset_M,0.0,0,174.3,Healthy
Asset_M,0.0,0,173.8,Healthy
Asset_H,0.0,0,177.4,Healthy
Asset_M,0.0,0,163.1,Healthy
Asset_L,0.0,0,167.9,Healthy
Asset_L,0.0,0,166.0,Healthy
Asset_H,0.0,0,168.0,Healthy
Asset_M,0.0009,0,155.4,Healthy
Asset_L,0.0,0,161.2,Healthy
Asset_L,0.0001,0,153.9,Healthy
Asset_L,0.0,0,149.3,Healthy
Asset_M,0.0,0,149.2,Healthy
Asset_M,0.0,0,142.2,Healthy
Asset_M,0.0,0,138.5,Healthy
Asset_L,0.0,0,138.0,Healthy
Asset_H,0.0,0,138.4,Healthy
Asset_M,0.0002,0,125.8,Healthy
Asset_L,0.0,0,122.9,Healthy
Asset_L,0.0001,0,129.1,Healthy
Asset_M,0.0,0,116.4,Healthy
Asset_L,0.0,0,122.2,Healthy
Asset_L,0.0001,0,114.0,Healthy
Asset_L,0.0001,0,114.5,Healthy
Asset_L,0.0061,0,112.8,Healthy
Asset_M,0.0,0,105.4,Healthy
Asset_L,0.0001,0,108.6,Healthy
Asset_L,0.0,0,108.5,Healthy
Asset_L,0.0003,0,104.6,Healthy
Asset_M,0.0006,0,101.9,Healthy
Asset_L,0.0,0,101.5,Healthy
Asset_M,0.0,0,95.2,Monitor
Asset_M,0.0,0,95.3,Monitor
Asset_L,0.0,0,93.7,Monitor
Asset_L,0.0002,0,91.0,Monitor
Asset_M,0.0001,0,85.0,Monitor
Asset_M,0.0,0,81.4,Monitor
Asset_L,0.0,0,85.4,Monitor
Asset_L,0.0,0,80.5,Monitor
Asset_L,0.0,0,73.9,Monitor
Asset_L,0.0,0,70.8,Monitor
Asset_H,0.0,0,84.0,Monitor
Asset_L,0.0001,0,72.8,Monitor
Asset_L,0.0,0,70.5,Monitor
Asset_L,0.0,0,67.1,Monitor
Asset_L,0.0002,0,63.4,Monitor
Asset_L,0.0,0,61.2,Monitor
Asset_M,0.0,0,57.6,Monitor
Asset_M,0.0001,0,52.8,Monitor
Asset_L,0.0,0,55.6,Monitor
Asset_L,0.0,0,54.1,Monitor
Asset_H,0.0001,0,56.1,Monitor
Asset_M,0.0001,0,42.4,Plan Maintenance
Asset_L,0.0,0,36.2,Plan Maintenance
Asset_L,0.0,0,33.5,Plan Maintenance
Asset_L,0.0,0,36.0,Plan Maintenance
Asset_M,0.0,0,30.4,Plan Maintenance
Asset_M,0.0,0,24.4,Plan Maintenance
Asset_L,0.0002,0,28.9,Plan Maintenance
Asset_M,0.0,0,23.1,Plan Maintenance
Asset_L,0.0036,0,19.9,Immediate Action
Asset_H,0.0,0,219.3,Healthy
Asset_H,0.0,0,220.7,Healthy
Asset_L,0.0001,0,215.3,Healthy
Asset_L,0.0001,0,217.5,Healthy
Asset_L,0.0,0,214.4,Healthy
Asset_L,0.0,0,212.7,Healthy
Asset_L,0.0,0,209.4,Healthy
Asset_M,0.0,0,198.7,Healthy
Asset_M,0.0,0,196.6,Healthy
Asset_L,0.0,0,197.1,Healthy
Asset_L,0.0,0,198.1,Healthy
Asset_M,0.0,0,191.3,Healthy
Asset_M,0.0,0,186.2,Healthy
Asset_L,0.0,0,189.0,Healthy
Asset_M,0.0,0,182.0,Healthy
Asset_L,0.0,0,184.7,Healthy
Asset_L,0.0,0,180.4,Healthy
Asset_L,0.0,0,182.1,Healthy
Asset_L,0.0,0,174.2,Healthy
Asset_L,0.0,0,179.1,Healthy
Asset_H,0.0,0,182.9,Healthy
Asset_M,0.0001,0,166.6,Healthy
Asset_H,0.0,0,176.4,Healthy
Asset_L,0.0,0,156.9,Healthy
Asset_L,0.0,0,155.1,Healthy
Asset_M,0.0,0,151.1,Healthy
Asset_L,0.0,0,153.3,Healthy
Asset_L,0.0,0,150.3,Healthy
Asset_L,0.0,0,151.5,Healthy
Asset_M,0.0002,0,147.7,Healthy
Asset_L,0.0002,0,151.6,Healthy
Asset_M,0.0,0,141.6,Healthy
Asset_L,0.0,0,139.9,Healthy
Asset_L,0.0,0,135.7,Healthy
Asset_L,0.0,0,129.5,Healthy
Asset_L,0.0,0,126.4,Healthy
Asset_M,0.0,0,124.8,Healthy
Asset_L,0.0,0,122.8,Healthy
Asset_L,0.0,0,128.5,Healthy
Asset_L,0.0,0,129.0,Healthy
Asset_L,0.0001,0,120.7,Healthy
Asset_L,0.0,0,116.2,Healthy
Asset_M,0.0,0,114.5,Healthy
Asset_L,0.0,0,110.2,Healthy
Asset_M,0.0,0,107.9,Healthy
Asset_L,0.0,0,106.7,Healthy
Asset_L,0.0,0,108.2,Healthy
Asset_L,0.0,0,103.3,Healthy
Asset_H,0.0,0,112.9,Healthy
Asset_L,0.0001,0,98.5,Monitor
Asset_M,0.0,0,90.2,Monitor
Asset_L,0.0,0,89.3,Monitor
Asset_L,0.0001,0,95.4,Monitor
Asset_M,0.0001,0,75.8,Monitor
Asset_L,0.0,0,83.6,Monitor
Asset_L,0.0,0,82.1,Monitor
Asset_L,0.0,0,76.6,Monitor
Asset_M,0.0,0,72.9,Monitor
Asset_L,0.0,0,75.7,Monitor
Asset_M,0.0,0,69.3,Monitor
Asset_M,1.0,1,65.3,Monitor
Asset_L,0.0,0,71.8,Monitor
Asset_L,0.0,0,65.1,Monitor
Asset_M,0.0,0,56.6,Monitor
Asset_H,0.0,0,61.7,Monitor
Asset_M,0.0,0,49.7,Plan Maintenance
Asset_L,0.0001,0,55.8,Monitor
Asset_M,0.0,0,49.6,Plan Maintenance
Asset_L,0.0,0,48.0,Plan Maintenance
Asset_L,0.0,0,48.0,Plan Maintenance
Asset_M,0.0001,0,41.0,Plan Maintenance
Asset_M,0.0,0,36.5,Plan Maintenance
Asset_L,0.0001,0,36.1,Plan Maintenance
Asset_M,0.0002,0,34.6,Plan Maintenance
Asset_L,0.0004,0,28.3,Plan Maintenance
Asset_L,0.0004,0,25.0,Plan Maintenance
Asset_L,0.0,0,26.9,Plan Maintenance
Asset_L,0.0,0,26.2,Plan Maintenance
Asset_L,0.0001,0,27.6,Plan Maintenance
Asset_H,0.0022,0,28.4,Plan Maintenance
Asset_L,0.0001,0,16.6,Immediate Action
Asset_H,0.0056,0,24.0,Plan Maintenance
Asset_L,0.7558,1,17.0,Immediate Action
Asset_L,0.0077,0,11.7,Immediate Action
Asset_M,0.5187,1,3.7,Immediate Action
Asset_L,0.4451,1,16.6,Immediate Action
Asset_L,1.0,1,17.2,Immediate Action
Asset_L,0.9979,1,13.2,Immediate Action
Asset_L,0.0,0,222.2,Healthy
Asset_L,0.0,0,225.9,Healthy
Asset_L,0.0002,0,228.7,Healthy
Asset_M,0.0,0,216.9,Healthy
Asset_L,0.0,0,218.1,Healthy
Asset_L,0.0001,0,219.0,Healthy
Asset_L,0.0002,0,219.1,Healthy
Asset_L,0.0,0,210.2,Healthy
Asset_L,0.0001,0,208.1,Healthy
Asset_H,0.0,0,210.2,Healthy
Asset_L,0.0,0,197.5,Healthy
Asset_M,0.0,0,190.8,Healthy
Asset_L,0.0,0,198.8,Healthy
Asset_M,0.0,0,190.1,Healthy
Asset_H,0.0,0,197.0,Healthy
Asset_L,0.0,0,189.5,Healthy
Asset_L,0.0,0,189.5,Healthy
Asset_L,0.0003,0,187.7,Healthy
Asset_L,0.0,0,183.1,Healthy
Asset_H,0.0,0,186.6,Healthy
Asset_L,0.0,0,174.4,Healthy
Asset_H,0.0,0,178.5,Healthy
Asset_L,0.0,0,171.0,Healthy
Asset_L,0.0,0,169.3,Healthy
Asset_L,0.0,0,168.5,Healthy
Asset_L,0.0,0,163.9,Healthy
Asset_L,0.0,0,157.0,Healthy
Asset_L,0.0,0,162.9,Healthy
Asset_L,0.0,0,156.2,Healthy
Asset_L,0.0,0,153.4,Healthy
Asset_L,0.0001,0,158.0,Healthy
Asset_M,0.0,0,148.4,Healthy
Asset_M,0.0,0,145.2,Healthy
Asset_L,0.0,0,144.4,Healthy
Asset_M,0.0,0,139.3,Healthy
Asset_M,0.0,0,131.6,Healthy
Asset_L,0.0,0,138.8,Healthy
Asset_L,0.0,0,133.1,Healthy
Asset_M,0.0,0,131.0,Healthy
Asset_L,0.0004,0,125.2,Healthy
Asset_H,0.0,0,126.0,Healthy
Asset_M,0.0,0,113.3,Healthy
Asset_H,0.0,0,116.1,Healthy
Asset_M,0.0003,0,103.4,Healthy
Asset_M,0.0002,0,102.7,Healthy
Asset_L,0.0004,0,107.9,Healthy
Asset_M,0.0,0,91.8,Monitor
Asset_L,0.0027,0,104.4,Healthy
Asset_L,0.0,0,103.5,Healthy
Asset_L,0.0002,0,97.0,Monitor
Asset_L,0.0001,0,96.4,Monitor
Asset_L,0.0,0,95.2,Monitor
Asset_L,0.0,0,93.9,Monitor
Asset_L,0.0001,0,88.8,Monitor
Asset_H,0.0002,0,95.8,Monitor
Asset_L,0.0003,0,85.2,Monitor
Asset_L,0.0,0,86.2,Monitor
Asset_M,0.0,0,80.8,Monitor
Asset_L,0.0,0,79.0,Monitor
Asset_M,0.0,0,74.7,Monitor
Asset_L,0.0,0,78.1,Monitor
Asset_L,0.0,0,73.0,Monitor
Asset_L,0.0,0,70.6,Monitor
Asset_L,0.0,0,69.3,Monitor
Asset_M,0.0,0,60.5,Monitor
Asset_H,0.0001,0,68.5,Monitor
Asset_M,0.0,0,49.2,Plan Maintenance
Asset_M,0.0,0,49.8,Plan Maintenance
Asset_L,0.0,0,49.3,Plan Maintenance
Asset_L,0.0,0,46.5,Plan Maintenance
Asset_L,0.0,0,49.5,Plan Maintenance
Asset_L,0.0001,0,46.9,Plan Maintenance
Asset_M,0.0,0,45.5,Plan Maintenance
Asset_L,0.0003,0,40.6,Plan Maintenance
Asset_L,0.0,0,39.3,Plan Maintenance
Asset_H,0.0,0,41.6,Plan Maintenance
Asset_M,0.0,0,30.3,Plan Maintenance
Asset_M,0.0,0,28.2,Plan Maintenance
Asset_L,0.0,0,31.3,Plan Maintenance
Asset_L,0.0,0,21.9,Plan Maintenance
Asset_L,0.0002,0,22.3,Plan Maintenance
Asset_L,0.0,0,232.5,Healthy
Asset_L,0.0,0,233.0,Healthy
Asset_M,0.0,0,229.3,Healthy
Asset_L,0.0,0,225.6,Healthy
Asset_M,0.0,0,220.2,Healthy
Asset_L,0.0,0,224.2,Healthy
Asset_L,0.0,0,224.2,Healthy
Asset_H,0.0,0,218.2,Healthy
Asset_M,0.0,0,208.2,Healthy
Asset_M,0.0,0,203.9,Healthy
Asset_M,0.0,0,202.0,Healthy
Asset_L,0.0,0,210.5,Healthy
Asset_M,0.0,0,198.4,Healthy
Asset_L,0.0,0,201.6,Healthy
Asset_L,0.0,0,195.6,Healthy
Asset_L,0.0,0,195.2,Healthy
Asset_L,0.0,0,195.1,Healthy
Asset_M,0.0001,0,180.5,Healthy
Asset_L,0.0,0,189.9,Healthy
Asset_L,0.0,0,187.9,Healthy
Asset_L,0.0,0,186.4,Healthy
Asset_L,0.0,0,181.6,Healthy
Asset_L,0.0,0,181.0,Healthy
Asset_M,0.0,0,172.7,Healthy
Asset_L,0.0,0,176.6,Healthy
Asset_M,0.0,0,167.1,Healthy
Asset_L,0.0,0,169.7,Healthy
Asset_L,0.0,0,163.4,Healthy
Asset_L,0.0,0,158.0,Healthy
Asset_L,0.0,0,160.5,Healthy
Asset_L,0.0,0,153.5,Healthy
Asset_L,0.0,0,156.1,Healthy
Asset_L,0.0,0,157.1,Healthy
Asset_M,0.0,0,147.5,Healthy
Asset_M,0.0,0,143.2,Healthy
Asset_L,0.0,0,149.4,Healthy
Asset_L,0.0,0,142.6,Healthy
Asset_M,0.0,0,132.9,Healthy
Asset_L,0.0,0,133.0,Healthy
Asset_H,0.0,0,141.0,Healthy
Asset_H,0.0,0,143.7,Healthy
Asset_L,0.0,0,128.5,Healthy
Asset_M,0.0001,0,123.3,Healthy
Asset_L,0.0,0,121.1,Healthy
Asset_L,0.0,0,118.8,Healthy
Asset_L,0.0,0,118.2,Healthy
Asset_L,0.0,0,115.1,Healthy
Asset_L,0.0,0,115.0,Healthy
Asset_H,0.0,0,112.8,Healthy
Asset_M,0.0,0,99.0,Monitor
Asset_L,0.0,0,102.5,Healthy
Asset_L,0.0,0,102.8,Healthy
Asset_H,0.0,0,106.0,Healthy
Asset_M,0.0,0,86.1,Monitor
Asset_L,0.0,0,93.6,Monitor
Asset_L,0.0,0,84.6,Monitor
Asset_L,0.0,0,82.4,Monitor
Asset_L,0.0,0,84.1,Monitor
Asset_L,0.0,0,83.6,Monitor
Asset_L,0.0,0,79.1,Monitor
Asset_M,0.0,0,64.1,Monitor
Asset_M,0.0,0,73.0,Monitor
Asset_M,0.0,0,68.5,Monitor
Asset_L,0.0,0,74.3,Monitor
Asset_M,0.0,0,67.0,Monitor
Asset_L,0.0005,0,67.9,Monitor
Asset_L,0.0,0,65.1,Monitor
Asset_M,0.0,0,56.6,Monitor
Asset_M,0.0,0,51.3,Monitor
Asset_M,0.0,0,50.3,Monitor
Asset_L,0.0001,0,52.1,Monitor
Asset_H,0.0,0,55.1,Monitor
Asset_L,0.0,0,44.6,Plan Maintenance
Asset_L,0.0,0,43.6,Plan Maintenance
Asset_L,0.0,0,42.8,Plan Maintenance
Asset_L,0.0,0,40.8,Plan Maintenance
Asset_L,0.0004,0,34.5,Plan Maintenance
Asset_M,0.0,0,30.0,Plan Maintenance
Asset_M,0.0,0,28.0,Plan Maintenance
Asset_L,0.0,0,29.8,Plan Maintenance
Asset_L,0.0,0,27.4,Plan Maintenance
Asset_L,0.0,0,221.6,Healthy
Asset_L,0.0,0,225.8,Healthy
Asset_M,0.0,0,215.5,Healthy
Asset_H,0.0,0,216.6,Healthy
Asset_L,0.0,0,218.6,Healthy
Asset_H,0.0,0,215.1,Healthy
Asset_L,0.0,0,212.1,Healthy
Asset_M,0.0,0,203.5,Healthy
Asset_M,0.0,0,200.4,Healthy
Asset_L,0.0,0,200.6,Healthy
Asset_L,0.0,0,202.3,Healthy
Asset_M,0.0,0,192.2,Healthy
Asset_L,0.0,0,194.8,Healthy
Asset_L,0.0,0,193.3,Healthy
Asset_L,0.0,0,192.1,Healthy
Asset_M,0.0,0,181.0,Healthy
Asset_L,0.0001,0,183.8,Healthy
Asset_L,0.0,0,182.5,Healthy
Asset_L,0.0,0,180.0,Healthy
Asset_M,0.0001,0,170.8,Healthy
Asset_L,0.0,0,173.2,Healthy
Asset_L,0.0,0,175.0,Healthy
Asset_M,0.0,0,163.7,Healthy
Asset_L,0.0,0,171.1,Healthy
Asset_L,0.0,0,171.7,Healthy
Asset_L,0.0,0,168.2,Healthy
Asset_L,0.0001,0,167.9,Healthy
Asset_L,0.0,0,165.3,Healthy
Asset_L,0.0,0,161.2,Healthy
Asset_L,0.0,0,164.6,Healthy
Asset_L,0.0,0,158.1,Healthy
Asset_L,0.0001,0,156.2,Healthy
Asset_M,0.0003,0,139.2,Healthy
Asset_M,0.0,0,142.9,Healthy
Asset_L,0.0,0,143.8,Healthy
Asset_M,0.0,0,138.5,Healthy
Asset_L,0.0,0,134.3,Healthy
Asset_L,0.0,0,136.9,Healthy
Asset_M,0.0,0,129.0,Healthy
Asset_L,0.0,0,132.7,Healthy
Asset_M,0.0,0,129.8,Healthy
Asset_L,0.0,0,131.8,Healthy
Asset_L,0.0,0,122.6,Healthy
Asset_H,0.0,0,127.5,Healthy
Asset_M,0.0,0,117.0,Healthy
Asset_H,0.0001,0,120.1,Healthy
Asset_M,0.0,0,110.5,Healthy
Asset_H,0.0001,0,115.8,Healthy
Asset_L,0.0,0,109.7,Healthy
Asset_H,0.0,0,108.9,Healthy
Asset_L,0.0,0,102.8,Healthy
Asset_M,0.0,0,99.7,Monitor
Asset_M,0.0,0,91.9,Monitor
Asset_M,0.0,0,92.2,Monitor
Asset_M,0.0,0,88.0,Monitor
Asset_L,0.0,0,87.1,Monitor
Asset_L,0.0,0,87.5,Monitor
Asset_M,0.0,0,76.6,Monitor
Asset_H,0.0,0,79.8,Monitor
Asset_H,0.0,0,67.9,Monitor
Asset_L,0.0001,0,69.3,Monitor
Asset_L,0.0,0,59.2,Monitor
Asset_L,0.0,0,59.4,Monitor
Asset_H,0.0,0,66.6,Monitor
Asset_L,0.0,0,54.1,Monitor
Asset_M,0.0,0,45.7,Plan Maintenance
Asset_L,0.0,0,43.3,Plan Maintenance
Asset_M,0.0,0,43.8,Plan Maintenance
Asset_M,0.0,0,36.5,Plan Maintenance
Asset_L,0.0,0,37.5,Plan Maintenance
Asset_L,0.0,0,32.9,Plan Maintenance
Asset_H,0.0,0,38.5,Plan Maintenance
Asset_H,0.0,0,33.4,Plan Maintenance
Asset_M,0.0006,0,35.0,Plan Maintenance
Asset_M,0.9866,1,23.2,Plan Maintenance
Asset_L,0.0,0,231.9,Healthy
Asset_M,0.0,0,228.4,Healthy
Asset_L,0.0,0,219.6,Healthy
Asset_L,0.0,0,222.7,Healthy
Asset_M,0.0,0,215.7,Healthy
Asset_L,0.0,0,220.5,Healthy
Asset_L,0.0,0,225.1,Healthy
Asset_M,0.0,0,214.4,Healthy
Asset_L,0.0,0,218.3,Healthy
Asset_M,0.0002,0,206.0,Healthy
Asset_L,0.0,0,212.4,Healthy
Asset_L,0.0,0,209.9,Healthy
Asset_L,0.0,0,208.7,Healthy
Asset_M,0.0,0,202.5,Healthy
Asset_L,0.0,0,204.5,Healthy
Asset_M,0.0,0,193.3,Healthy
Asset_L,0.0,0,199.6,Healthy
Asset_M,0.0,0,187.4,Healthy
Asset_L,0.0,0,192.1,Healthy
Asset_H,0.0,0,189.4,Healthy
Asset_L,0.0,0,179.8,Healthy
Asset_L,0.001,0,177.3,Healthy
Asset_L,0.0,0,178.9,Healthy
Asset_M,0.0001,0,169.1,Healthy
Asset_M,0.0,0,161.8,Healthy
Asset_M,0.0,0,157.2,Healthy
Asset_H,0.0,0,170.8,Healthy
Asset_L,0.0001,0,163.0,Healthy
Asset_H,0.0001,0,157.4,Healthy
Asset_M,0.0,0,145.0,Healthy
Asset_M,0.0011,0,143.6,Healthy
Asset_L,0.0001,0,137.5,Healthy
Asset_L,0.0,0,146.2,Healthy
Asset_L,0.0,0,142.9,Healthy
Asset_H,0.0,0,138.6,Healthy
Asset_L,0.0001,0,126.3,Healthy
Asset_M,0.0,0,131.5,Healthy
Asset_L,0.0,0,130.8,Healthy
Asset_M,0.0,0,123.4,Healthy
Asset_L,0.0,0,119.7,Healthy
Asset_L,0.0,0,122.9,Healthy
Asset_M,0.0,0,113.7,Healthy
Asset_M,0.0005,0,107.7,Healthy
Asset_L,0.0001,0,107.9,Healthy
Asset_M,0.0,0,103.9,Healthy
Asset_L,0.0,0,109.8,Healthy
Asset_L,0.0001,0,107.8,Healthy
Asset_M,0.0,0,100.4,Healthy
Asset_H,0.0,0,105.1,Healthy
Asset_L,0.0,0,101.4,Healthy
Asset_M,0.0,0,89.5,Monitor
Asset_L,0.0,0,94.1,Monitor
Asset_M,0.0001,0,84.3,Monitor
Asset_M,0.0,0,77.7,Monitor
Asset_L,0.0,0,89.9,Monitor
Asset_H,0.0,0,84.3,Monitor
Asset_M,0.0,0,79.1,Monitor
Asset_L,0.0,0,73.9,Monitor
Asset_L,0.0,0,73.7,Monitor
Asset_L,0.0,0,71.4,Monitor
Asset_M,0.0,0,65.4,Monitor
Asset_L,0.0,0,65.9,Monitor
Asset_L,0.0,0,63.1,Monitor
Asset_L,0.0,0,63.6,Monitor
Asset_L,0.0,0,62.0,Monitor
Asset_L,0.0,0,57.5,Monitor
Asset_M,0.0,0,51.2,Monitor
Asset_M,0.0,0,45.8,Plan Maintenance
Asset_L,0.0,0,49.8,Plan Maintenance
Asset_L,0.0086,0,42.9,Plan Maintenance
Asset_M,0.0,0,40.4,Plan Maintenance
Asset_L,0.0001,0,40.6,Plan Maintenance
Asset_L,0.0008,0,38.5,Plan Maintenance
Asset_L,0.0,0,34.1,Plan Maintenance
Asset_L,0.0004,0,34.4,Plan Maintenance
Asset_L,0.0003,0,34.5,Plan Maintenance
Asset_M,0.0001,0,26.3,Plan Maintenance
Asset_H,0.0,0,31.2,Plan Maintenance
Asset_M,0.0001,0,20.8,Plan Maintenance
Asset_M,0.9998,1,18.5,Immediate Action
Asset_M,0.0006,0,12.0,Immediate Action
Asset_L,0.0019,0,15.3,Immediate Action
Asset_M,0.0053,0,11.1,Immediate Action
Asset_L,0.0,0,228.8,Healthy
Asset_L,0.0,0,231.2,Healthy
Asset_L,0.0,0,231.9,Healthy
Asset_M,0.0,0,214.9,Healthy
Asset_L,0.0,0,221.4,Healthy
Asset_L,0.0,0,221.5,Healthy
Asset_L,0.0,0,210.1,Healthy
Asset_M,0.0,0,201.0,Healthy
Asset_M,0.0,0,204.1,Healthy
Asset_M,0.0002,0,200.2,Healthy
Asset_H,0.0001,0,188.7,Healthy
Asset_M,0.0,0,187.3,Healthy
Asset_L,0.0019,0,194.0,Healthy
Asset_M,0.0005,0,183.0,Healthy
Asset_L,0.0,0,189.6,Healthy
Asset_L,0.0,0,187.0,Healthy
Asset_M,0.0,0,176.3,Healthy
Asset_M,0.0,0,173.8,Healthy
Asset_M,0.0,0,170.7,Healthy
Asset_L,0.0,0,174.2,Healthy
Asset_L,0.0,0,174.1,Healthy
Asset_L,0.0,0,173.2,Healthy
Asset_M,0.0,0,164.0,Healthy
Asset_L,0.0,0,167.4,Healthy
Asset_L,0.0,0,166.0,Healthy
Asset_M,0.0,0,150.6,Healthy
Asset_L,0.0,0,163.0,Healthy
Asset_L,0.0,0,158.3,Healthy
Asset_M,0.0,0,146.7,Healthy
Asset_L,0.0,0,156.7,Healthy
Asset_L,0.0,0,151.6,Healthy
Asset_M,0.0,0,145.1,Healthy
Asset_L,0.0,0,146.5,Healthy
Asset_M,0.0,0,137.5,Healthy
Asset_M,0.0,0,136.5,Healthy
Asset_L,0.0,0,132.9,Healthy
Asset_L,0.0,0,134.1,Healthy
Asset_L,0.0,0,129.6,Healthy
Asset_L,0.0,0,125.8,Healthy
Asset_L,0.0,0,130.1,Healthy
Asset_L,0.0,0,126.0,Healthy
Asset_L,0.0,0,123.7,Healthy
Asset_M,0.0,0,115.2,Healthy
Asset_L,0.0,0,121.7,Healthy
Asset_L,0.0,0,120.5,Healthy
Asset_H,0.0,0,118.5,Healthy
Asset_L,0.0,0,114.2,Healthy
Asset_M,0.0,0,97.7,Monitor
Asset_L,0.0,0,111.4,Healthy
Asset_M,0.0,0,88.3,Monitor
Asset_L,0.0,0,103.1,Healthy
Asset_L,0.0,0,101.7,Healthy
Asset_L,0.0,0,100.4,Healthy
Asset_M,0.0001,0,83.7,Monitor
Asset_L,0.0038,0,96.8,Monitor
Asset_L,0.0001,0,92.2,Monitor
Asset_M,0.0,0,77.9,Monitor
Asset_L,0.0,0,87.3,Monitor
Asset_L,0.0,0,83.6,Monitor
Asset_L,0.0031,0,83.1,Monitor
Asset_L,0.0,0,80.4,Monitor
Asset_M,0.0,0,67.1,Monitor
Asset_H,0.0,0,73.9,Monitor
Asset_M,0.0,0,61.6,Monitor
Asset_M,0.0,0,45.4,Plan Maintenance
Asset_L,0.0,0,61.9,Monitor
Asset_L,0.0,0,58.5,Monitor
Asset_M,0.0,0,51.9,Monitor
Asset_L,0.0,0,51.5,Monitor
Asset_L,0.0,0,51.5,Monitor
Asset_L,0.0001,0,50.5,Monitor
Asset_L,0.0,0,53.7,Monitor
Asset_L,0.0,0,50.2,Monitor
Asset_L,0.0002,0,41.4,Plan Maintenance
Asset_M,0.0,0,30.1,Plan Maintenance
Asset_L,0.0002,0,35.9,Plan Maintenance
Asset_L,0.0,0,41.3,Plan Maintenance
Asset_L,0.0024,0,30.3,Plan Maintenance
Asset_M,0.0,0,34.4,Plan Maintenance
Asset_L,0.0,0,23.9,Plan Maintenance
Asset_L,0.0,0,24.2,Plan Maintenance
Asset_M,0.0,0,20.6,Plan Maintenance
Asset_L,0.0003,0,22.0,Plan Maintenance
Asset_H,0.0004,0,28.9,Plan Maintenance
Asset_M,0.9997,1,19.2,Immediate Action
Asset_L,0.4691,1,16.1,Immediate Action
Asset_L,0.9999,1,19.8,Immediate Action
Asset_M,0.009,0,14.5,Immediate Action
Asset_L,0.999,1,17.0,Immediate Action
Asset_L,0.0,0,220.7,Healthy
Asset_L,0.0,0,220.1,Healthy
Asset_M,0.0,0,210.8,Healthy
Asset_L,0.0,0,223.0,Healthy
Asset_L,0.0,0,217.4,Healthy
Asset_L,0.0004,0,215.8,Healthy
Asset_L,0.0,0,211.7,Healthy
Asset_M,0.0,0,201.2,Healthy
Asset_M,0.0,0,202.4,Healthy
Asset_L,0.0,0,208.5,Healthy
Asset_L,0.0,0,205.6,Healthy
Asset_M,0.0001,0,193.7,Healthy
Asset_H,0.0,0,199.3,Healthy
Asset_L,0.0,0,186.9,Healthy
Asset_L,0.0,0,189.8,Healthy
Asset_H,0.0001,0,194.6,Healthy
Asset_M,0.0,0,174.8,Healthy
Asset_L,0.0,0,186.1,Healthy
Asset_L,0.0,0,180.2,Healthy
Asset_L,0.0012,0,188.4,Healthy
Asset_M,0.0,0,169.8,Healthy
Asset_L,0.0,0,175.2,Healthy
Asset_L,0.0001,0,173.4,Healthy
Asset_M,0.0,0,160.5,Healthy
Asset_L,0.0,0,175.5,Healthy
Asset_L,0.0,0,172.6,Healthy
Asset_L,0.0,0,160.4,Healthy
Asset_L,0.0,0,157.6,Healthy
Asset_L,0.0,0,162.2,Healthy
Asset_M,0.0001,0,152.7,Healthy
Asset_L,0.0,0,159.9,Healthy
Asset_M,0.0,0,144.2,Healthy
Asset_L,0.0,0,153.6,Healthy
Asset_M,0.0,0,140.5,Healthy
Asset_M,0.0,0,140.0,Healthy
Asset_M,0.0,0,134.9,Healthy
Asset_H,0.0,0,138.7,Healthy
Asset_L,0.0,0,135.8,Healthy
Asset_M,0.0001,0,129.7,Healthy
Asset_M,0.0001,0,122.9,Healthy
Asset_L,0.0,0,126.6,Healthy
Asset_H,0.0,0,124.7,Healthy
Asset_M,0.0,0,109.9,Healthy
Asset_L,0.0,0,115.9,Healthy
Asset_L,0.0,0,115.4,Healthy
Asset_L,0.0,0,115.3,Healthy
Asset_H,0.0,0,100.5,Healthy
Asset_L,0.0,0,108.4,Healthy
Asset_L,0.0004,0,104.2,Healthy
Asset_H,0.0,0,99.8,Monitor
Asset_M,0.0,0,79.1,Monitor
Asset_L,0.0004,0,96.2,Monitor
Asset_L,0.0001,0,94.2,Monitor
Asset_H,0.0,0,85.1,Monitor
Asset_L,0.0,0,79.6,Monitor
Asset_M,0.0,0,73.5,Monitor
Asset_L,0.0,0,74.1,Monitor
Asset_L,0.0001,0,76.3,Monitor
Asset_L,0.0001,0,67.3,Monitor
Asset_L,0.0,0,66.6,Monitor
Asset_H,0.0,0,69.5,Monitor
Asset_L,0.0001,0,59.1,Monitor
Asset_L,0.0,0,62.0,Monitor
Asset_L,0.0,0,62.2,Monitor
Asset_M,0.0,0,42.5,Plan Maintenance
Asset_L,1.0,1,46.4,Plan Maintenance
Asset_H,0.0,0,53.3,Monitor
Asset_L,0.0003,0,43.2,Plan Maintenance
Asset_L,0.0,0,41.0,Plan Maintenance
Asset_M,0.0,0,34.3,Plan Maintenance
Asset_L,0.0,0,31.9,Plan Maintenance
Asset_M,0.0001,0,33.5,Plan Maintenance
Asset_M,0.0,0,29.3,Plan Maintenance
Asset_L,0.0001,0,26.3,Plan Maintenance
Asset_M,0.0001,0,22.6,Plan Maintenance
Asset_M,0.0028,0,21.8,Plan Maintenance
Asset_L,0.0009,0,21.8,Plan Maintenance
Asset_L,0.0004,0,25.8,Plan Maintenance
Asset_L,0.0007,0,23.4,Plan Maintenance
Asset_L,0.0,0,226.6,Healthy
Asset_H,0.0,0,221.9,Healthy
Asset_L,0.0,0,220.5,Healthy
Asset_H,0.0,0,209.5,Healthy
Asset_L,0.0,0,213.8,Healthy
Asset_L,0.0,0,215.9,Healthy
Asset_M,0.0,0,198.6,Healthy
Asset_M,0.0,0,202.2,Healthy
Asset_L,0.0,0,197.9,Healthy
Asset_M,0.0,0,197.5,Healthy
Asset_M,0.0,0,195.9,Healthy
Asset_L,0.0,0,199.7,Healthy
Asset_M,0.0,0,183.7,Healthy
Asset_L,0.0,0,192.1,Healthy
Asset_M,0.0,0,179.2,Healthy
Asset_L,0.0,0,181.1,Healthy
Asset_L,0.0,0,183.6,Healthy
Asset_M,0.0,0,174.0,Healthy
Asset_H,0.0,0,187.0,Healthy
Asset_M,0.0002,0,166.7,Healthy
Asset_L,0.0,0,171.3,Healthy
Asset_M,0.0,0,158.8,Healthy
Asset_L,0.0,0,168.6,Healthy
Asset_L,0.0001,0,166.4,Healthy
Asset_L,0.0,0,159.2,Healthy
Asset_L,0.0,0,160.7,Healthy
Asset_L,0.0,0,162.0,Healthy
Asset_L,0.0,0,156.9,Healthy
Asset_L,0.0,0,157.7,Healthy
Asset_L,0.0001,0,152.6,Healthy
Asset_M,0.0001,0,145.6,Healthy
Asset_L,0.0,0,144.9,Healthy
Asset_L,0.0,0,143.6,Healthy
Asset_H,0.0003,0,151.4,Healthy
Asset_M,0.0,0,128.1,Healthy
Asset_L,0.0001,0,132.4,Healthy
Asset_L,0.0,0,131.1,Healthy
Asset_H,0.0037,0,134.3,Healthy
Asset_L,0.0,0,117.3,Healthy
Asset_L,0.0,0,116.7,Healthy
Asset_L,0.0,0,121.1,Healthy
Asset_L,0.0,0,118.4,Healthy
Asset_L,0.0,0,125.6,Healthy
Asset_L,0.0,0,112.3,Healthy
Asset_L,0.0,0,108.2,Healthy
Asset_L,0.0,0,112.5,Healthy
Asset_M,0.0,0,101.4,Healthy
Asset_L,0.0,0,101.8,Healthy
Asset_L,0.0,0,103.3,Healthy
Asset_L,0.0001,0,99.4,Monitor
Asset_L,0.0,0,102.7,Healthy
Asset_M,0.0014,0,94.3,Monitor
Asset_M,0.0001,0,91.4,Monitor
Asset_L,0.0,0,87.5,Monitor
Asset_L,0.0001,0,93.9,Monitor
Asset_L,0.0,0,93.2,Monitor
Asset_L,0.0,0,84.3,Monitor
Asset_L,0.0004,0,88.0,Monitor
Asset_M,0.0001,0,77.7,Monitor
Asset_L,0.0001,0,86.1,Monitor
Asset_H,0.0001,0,78.8,Monitor
Asset_M,0.0,0,65.9,Monitor
Asset_H,0.0,0,71.6,Monitor
Asset_M,0.0,0,55.5,Monitor
Asset_M,0.0,0,55.9,Monitor
Asset_L,0.0001,0,57.4,Monitor
Asset_L,0.0331,0,56.6,Monitor
Asset_L,0.0033,0,48.5,Plan Maintenance
Asset_M,0.0001,0,43.5,Plan Maintenance
Asset_M,0.0,0,39.8,Plan Maintenance
Asset_H,0.0001,0,45.7,Plan Maintenance
Asset_L,0.0001,0,34.5,Plan Maintenance
Asset_L,0.0003,0,34.4,Plan Maintenance
Asset_M,0.0003,0,24.5,Plan Maintenance
Asset_L,0.0001,0,30.5,Plan Maintenance
Asset_H,0.0,0,28.8,Plan Maintenance
Asset_L,0.0002,0,21.2,Plan Maintenance
Asset_L,1.0,1,226.0,Healthy
Asset_L,0.0,0,229.7,Healthy
Asset_L,0.0,0,235.8,Healthy
Asset_L,0.0,0,230.4,Healthy
Asset_H,0.0,0,222.3,Healthy
Asset_L,0.0,0,226.1,Healthy
Asset_L,0.0,0,222.8,Healthy
Asset_M,0.0,0,214.7,Healthy
Asset_L,0.0,0,219.0,Healthy
Asset_L,0.0,0,217.0,Healthy
Asset_L,0.0,0,207.7,Healthy
Asset_L,0.0,0,204.6,Healthy
Asset_L,0.0001,0,203.2,Healthy
Asset_L,0.0,0,202.2,Healthy
Asset_L,0.0,0,203.0,Healthy
Asset_M,0.0,0,185.9,Healthy
Asset_M,0.0,0,181.4,Healthy
Asset_L,0.0001,0,190.7,Healthy
Asset_M,0.0,0,176.4,Healthy
Asset_L,0.0,0,186.2,Healthy
Asset_L,0.0,0,180.9,Healthy
Asset_L,0.0,0,175.6,Healthy
Asset_M,0.0,0,169.7,Healthy
Asset_M,0.0,0,167.4,Healthy
Asset_L,0.0,0,167.6,Healthy
Asset_M,0.0,0,161.3,Healthy
Asset_L,0.0,0,169.0,Healthy
Asset_L,0.0,0,161.9,Healthy
Asset_L,0.0,0,159.3,Healthy
Asset_L,0.0,0,156.9,Healthy
Asset_L,0.0,0,153.6,Healthy
Asset_M,0.0,0,146.6,Healthy
Asset_L,0.0001,0,151.7,Healthy
Asset_L,0.0,0,152.0,Healthy
Asset_M,0.0001,0,144.0,Healthy
Asset_M,0.0001,0,136.8,Healthy
Asset_M,0.0,0,140.2,Healthy
Asset_L,0.0,0,129.4,Healthy
Asset_L,0.0,0,131.5,Healthy
Asset_L,0.0,0,128.9,Healthy
Asset_L,0.0,0,125.3,Healthy
Asset_H,0.0,0,137.1,Healthy
Asset_L,0.0,0,120.4,Healthy
Asset_L,0.0001,0,120.7,Healthy
Asset_M,0.0002,0,115.5,Healthy
Asset_L,0.0005,0,111.4,Healthy
Asset_M,0.0,0,110.5,Healthy
Asset_M,0.0,0,106.6,Healthy
Asset_L,0.0,0,106.8,Healthy
Asset_L,0.0001,0,104.8,Healthy
Asset_L,0.0,0,103.3,Healthy
Asset_L,0.0,0,100.5,Healthy
Asset_L,0.0,0,100.7,Healthy
Asset_M,0.0,0,95.7,Monitor
Asset_M,0.0001,0,85.7,Monitor
Asset_L,0.0007,0,93.4,Monitor
Asset_L,0.0,0,86.3,Monitor
Asset_L,0.0001,0,93.6,Monitor
Asset_L,0.0,0,91.2,Monitor
Asset_L,0.0001,0,78.6,Monitor
Asset_M,0.0,0,78.9,Monitor
Asset_L,0.0,0,76.5,Monitor
Asset_M,0.0002,0,73.2,Monitor
Asset_M,0.0,0,65.2,Monitor
Asset_H,0.0001,0,82.1,Monitor
Asset_M,0.0,0,61.9,Monitor
Asset_L,0.0003,0,60.2,Monitor
Asset_M,0.0013,0,58.4,Monitor
Asset_L,0.0001,0,55.0,Monitor
Asset_L,0.0002,0,52.3,Monitor
Asset_L,0.0,0,47.8,Plan Maintenance
Asset_L,0.0001,0,45.4,Plan Maintenance
Asset_L,0.0,0,43.3,Plan Maintenance
Asset_M,0.0,0,47.5,Plan Maintenance
Asset_L,0.0,0,36.5,Plan Maintenance
Asset_H,0.0002,0,56.6,Monitor
Asset_M,0.0004,0,35.4,Plan Maintenance
Asset_M,0.0,0,29.7,Plan Maintenance
Asset_M,0.0,0,33.5,Plan Maintenance
Asset_L,0.0002,0,28.5,Plan Maintenance
Asset_L,0.0001,0,26.4,Plan Maintenance
Asset_L,0.0002,0,29.2,Plan Maintenance
Asset_M,0.0009,0,31.4,Plan Maintenance
Asset_H,0.0,0,227.7,Healthy
Asset_M,0.0,0,209.7,Healthy
Asset_L,0.0,0,214.4,Healthy
Asset_H,0.0,0,218.7,Healthy
Asset_M,0.0,0,203.6,Healthy
Asset_L,0.0,0,207.7,Healthy
Asset_M,0.0,0,201.6,Healthy
Asset_M,0.0,0,195.4,Healthy
Asset_L,0.0,0,196.0,Healthy
Asset_L,0.0,0,196.1,Healthy
Asset_L,0.0,0,191.4,Healthy
Asset_L,0.0,0,197.4,Healthy
Asset_L,0.0,0,192.7,Healthy
Asset_L,0.0,0,185.9,Healthy
Asset_L,0.0,0,185.7,Healthy
Asset_H,0.0,0,191.8,Healthy
Asset_L,0.0,0,179.2,Healthy
Asset_L,0.0,0,170.7,Healthy
Asset_L,0.0,0,175.9,Healthy
Asset_L,0.0001,0,169.5,Healthy
Asset_H,0.0,0,179.8,Healthy
Asset_M,0.0,0,165.5,Healthy
Asset_H,0.0,0,174.6,Healthy
Asset_L,0.0,0,157.1,Healthy
Asset_M,0.0,0,150.8,Healthy
Asset_M,0.0,0,150.5,Healthy
Asset_L,0.0,0,149.2,Healthy
Asset_M,0.0002,0,145.9,Healthy
Asset_L,0.0,0,145.0,Healthy
Asset_L,0.0,0,137.4,Healthy
Asset_L,0.0,0,139.9,Healthy
Asset_L,0.0,0,143.4,Healthy
Asset_L,0.0001,0,139.8,Healthy
Asset_L,0.0001,0,128.2,Healthy
Asset_L,0.0,0,129.6,Healthy
Asset_L,0.0,0,130.9,Healthy
Asset_L,0.0,0,133.8,Healthy
Asset_M,0.0001,0,127.2,Healthy
Asset_H,0.0,0,136.1,Healthy
Asset_M,0.0,0,117.0,Healthy
Asset_L,0.0,0,116.3,Healthy
Asset_M,0.0,0,110.3,Healthy
Asset_L,0.0,0,112.4,Healthy
Asset_M,0.0004,0,105.8,Healthy
Asset_M,0.0,0,103.9,Healthy
Asset_L,0.0,0,100.3,Healthy
Asset_L,0.0,0,98.9,Monitor
Asset_H,0.0001,0,107.0,Healthy
Asset_M,0.0002,0,93.7,Monitor
Asset_L,0.0,0,93.6,Monitor
Asset_L,0.0001,0,91.7,Monitor
Asset_L,0.0,0,85.1,Monitor
Asset_L,0.0,0,83.6,Monitor
Asset_L,0.0,0,77.9,Monitor
Asset_H,0.0,0,90.1,Monitor
Asset_L,0.0001,0,79.4,Monitor
Asset_M,0.0,0,67.9,Monitor
Asset_L,0.0,0,67.0,Monitor
Asset_H,0.0,0,76.0,Monitor
Asset_L,0.0,0,60.2,Monitor
Asset_L,0.0002,0,64.5,Monitor
Asset_L,0.0005,0,54.1,Monitor
Asset_L,0.0,0,57.5,Monitor
Asset_L,0.0003,0,63.1,Monitor
Asset_M,0.0,0,49.0,Plan Maintenance
Asset_L,0.0,0,56.2,Monitor
Asset_L,0.0,0,47.2,Plan Maintenance
Asset_M,0.0,0,46.5,Plan Maintenance
Asset_L,0.0001,0,40.7,Plan Maintenance
Asset_L,0.0,0,40.8,Plan Maintenance
Asset_H,0.0005,0,54.7,Monitor
Asset_L,0.0,0,35.8,Plan Maintenance
Asset_M,0.0,0,31.0,Plan Maintenance
Asset_L,0.0,0,21.1,Plan Maintenance
Asset_M,0.0006,0,23.3,Plan Maintenance
Asset_L,0.0,0,20.6,Plan Maintenance
Asset_L,0.0002,0,17.6,Immediate Action
Asset_L,0.0,0,15.9,Immediate Action
Asset_L,0.0,0,13.7,Immediate Action
Asset_H,0.0019,0,26.6,Plan Maintenance
Asset_H,0.0008,0,19.8,Immediate Action
Asset_L,0.0006,0,8.0,Immediate Action
Asset_H,0.0,0,227.8,Healthy
Asset_M,0.0001,0,214.8,Healthy
Asset_H,0.0,0,218.9,Healthy
Asset_M,0.0,0,206.5,Healthy
Asset_L,0.0,0,205.4,Healthy
Asset_L,0.0,0,202.9,Healthy
Asset_M,0.0,0,200.3,Healthy
Asset_M,0.0,0,197.6,Healthy
Asset_L,0.0,0,193.3,Healthy
Asset_M,0.0,0,190.5,Healthy
Asset_L,0.0,0,193.3,Healthy
Asset_L,0.0,0,183.0,Healthy
Asset_L,0.0,0,181.3,Healthy
Asset_L,0.0,0,188.2,Healthy
Asset_M,0.0,0,181.1,Healthy
Asset_L,0.0,0,172.1,Healthy
Asset_L,0.0,0,178.5,Healthy
Asset_M,0.0,0,175.4,Healthy
Asset_L,0.0,0,170.4,Healthy
Asset_M,0.0,0,171.7,Healthy
Asset_L,0.0,0,167.1,Healthy
Asset_L,0.0,0,166.5,Healthy
Asset_M,0.0,0,163.1,Healthy
Asset_L,0.0,0,161.3,Healthy
Asset_L,0.0,0,157.8,Healthy
Asset_M,0.0,0,154.3,Healthy
Asset_L,0.0,0,151.8,Healthy
Asset_L,0.0,0,154.9,Healthy
Asset_L,0.0,0,151.0,Healthy
Asset_M,0.0,0,145.3,Healthy
Asset_H,0.0002,0,155.8,Healthy
Asset_L,0.0,0,147.8,Healthy
Asset_L,0.0,0,142.6,Healthy
Asset_L,0.0,0,142.5,Healthy
Asset_M,0.0,0,126.6,Healthy
Asset_H,0.0001,0,138.3,Healthy
Asset_H,0.0,0,136.0,Healthy
Asset_H,0.0,0,129.1,Healthy
Asset_L,0.0,0,118.0,Healthy
Asset_L,0.0001,0,115.6,Healthy
Asset_L,0.0,0,110.5,Healthy
Asset_M,0.0,0,105.0,Healthy
Asset_L,0.0,0,105.6,Healthy
Asset_H,0.0,0,112.8,Healthy
Asset_M,0.0004,0,100.5,Healthy
Asset_M,0.0,0,91.5,Monitor
Asset_M,0.0,0,85.1,Monitor
Asset_H,0.0001,0,104.5,Healthy
Asset_M,0.0,0,80.9,Monitor
Asset_L,0.0001,0,92.6,Monitor
Asset_M,0.0,0,76.9,Monitor
Asset_H,0.0,0,81.5,Monitor
Asset_L,0.0001,0,77.8,Monitor
Asset_H,0.0,0,82.0,Monitor
Asset_L,0.0,0,73.7,Monitor
Asset_L,0.0,0,64.3,Monitor
Asset_L,0.0,0,64.6,Monitor
Asset_M,0.0002,0,65.7,Monitor
Asset_H,0.0,0,67.1,Monitor
Asset_L,0.0,0,44.0,Plan Maintenance
Asset_L,0.0,0,42.1,Plan Maintenance
Asset_M,0.0,0,40.3,Plan Maintenance
Asset_L,0.0,0,37.0,Plan Maintenance
Asset_L,0.0001,0,35.3,Plan Maintenance
Asset_L,0.0002,0,34.5,Plan Maintenance
Asset_M,0.0001,0,38.4,Plan Maintenance
Asset_M,0.0002,0,37.3,Plan Maintenance
Asset_L,0.0001,0,35.0,Plan Maintenance
Asset_H,0.0002,0,46.9,Plan Maintenance
Asset_L,0.0003,0,21.8,Plan Maintenance
Asset_M,0.0001,0,23.9,Plan Maintenance
Asset_L,0.0011,0,23.8,Plan Maintenance
Asset_L,0.0001,0,17.8,Immediate Action
Asset_L,0.0156,0,16.3,Immediate Action
Asset_L,0.9999,1,13.6,Immediate Action
Asset_M,0.0,0,218.7,Healthy
Asset_M,0.0,0,216.0,Healthy
Asset_H,0.0,0,222.5,Healthy
Asset_L,0.0,0,208.4,Healthy
Asset_L,0.0,0,207.5,Healthy
Asset_L,0.0,0,205.8,Healthy
Asset_M,0.0,0,198.9,Healthy
Asset_L,0.0,0,198.2,Healthy
Asset_L,0.0,0,198.0,Healthy
Asset_M,0.0,0,192.8,Healthy
Asset_M,0.0,0,193.2,Healthy
Asset_L,0.0,0,200.2,Healthy
Asset_L,0.0,0,197.4,Healthy
Asset_H,0.0,0,202.4,Healthy
Asset_L,0.0,0,187.5,Healthy
Asset_L,0.0,0,182.9,Healthy
Asset_L,0.0,0,182.3,Healthy
Asset_L,0.0,0,178.7,Healthy
Asset_M,0.0,0,171.8,Healthy
Asset_L,0.0,0,174.2,Healthy
Asset_L,0.0,0,172.7,Healthy
Asset_L,0.0,0,170.6,Healthy
Asset_M,0.0,0,168.0,Healthy
Asset_M,0.0001,0,158.5,Healthy
Asset_M,0.0,0,156.3,Healthy
Asset_M,0.0001,0,156.8,Healthy
Asset_L,0.0,0,155.9,Healthy
Asset_M,0.0,0,150.5,Healthy
Asset_H,0.0,0,158.5,Healthy
Asset_L,0.0,0,146.2,Healthy
Asset_M,0.0,0,144.9,Healthy
Asset_H,0.0,0,148.1,Healthy
Asset_M,0.0,0,127.3,Healthy
Asset_L,0.0,0,125.6,Healthy
Asset_M,0.0,0,121.3,Healthy
Asset_M,0.0,0,122.1,Healthy
Asset_H,0.0,0,132.9,Healthy
Asset_M,0.0001,0,116.4,Healthy
Asset_H,0.0001,0,124.7,Healthy
Asset_L,0.0,0,113.0,Healthy
Asset_L,0.0,0,107.9,Healthy
Asset_L,0.0,0,110.3,Healthy
Asset_M,0.0,0,104.2,Healthy
Asset_L,0.0,0,106.3,Healthy
Asset_L,0.0,0,103.6,Healthy
Asset_M,0.0,0,98.7,Monitor
Asset_M,0.0,0,95.0,Monitor
Asset_L,0.0,0,98.6,Monitor
Asset_M,0.0,0,88.4,Monitor
Asset_L,0.0001,0,90.8,Monitor
Asset_M,0.0,0,85.7,Monitor
Asset_L,0.0,0,82.9,Monitor
Asset_L,0.0008,0,75.8,Monitor
Asset_L,0.0001,0,84.7,Monitor
Asset_L,0.0,0,81.0,Monitor
Asset_H,0.0001,0,88.9,Monitor
Asset_M,0.0003,0,67.8,Monitor
Asset_M,0.0,0,65.5,Monitor
Asset_L,0.0,0,69.9,Monitor
Asset_M,0.0,0,59.7,Monitor
Asset_L,0.0,0,57.1,Monitor
Asset_M,0.0,0,57.9,Monitor
Asset_M,0.0,0,52.0,Monitor
Asset_L,0.0018,0,45.4,Plan Maintenance
Asset_H,0.0,0,61.6,Monitor
Asset_M,0.0,0,41.5,Plan Maintenance
Asset_L,0.0,0,38.4,Plan Maintenance
Asset_H,0.0001,0,47.9,Plan Maintenance
Asset_H,0.0,0,48.0,Plan Maintenance
Asset_L,0.0,0,29.9,Plan Maintenance
Asset_L,0.0,0,27.5,Plan Maintenance
Asset_M,0.0,0,28.8,Plan Maintenance
Asset_L,0.0,0,22.6,Plan Maintenance
Asset_M,0.0,0,21.0,Plan Maintenance
Asset_L,0.0214,0,16.4,Immediate Action
Asset_M,0.0018,0,14.1,Immediate Action
Asset_M,0.0008,0,12.2,Immediate Action
Asset_L,0.0071,0,7.4,Immediate Action
Asset_L,0.9999,1,10.1,Immediate Action
Asset_L,0.001,0,7.5,Immediate Action
Asset_H,0.0025,0,12.5,Immediate Action
Asset_M,0.0027,0,4.8,Immediate Action
Asset_H,0.0,0,231.3,Healthy
Asset_H,0.0,0,224.1,Healthy
Asset_L,0.0,0,217.2,Healthy
Asset_L,0.0,0,217.4,Healthy
Asset_L,0.0002,0,218.2,Healthy
Asset_L,0.0,0,212.3,Healthy
Asset_M,0.0001,0,204.2,Healthy
Asset_L,0.0002,0,202.7,Healthy
Asset_L,0.0,0,205.5,Healthy
Asset_H,0.0,0,202.9,Healthy
Asset_L,0.0,0,200.9,Healthy
Asset_L,0.0,0,202.1,Healthy
Asset_M,0.0,0,190.5,Healthy
Asset_M,0.0,0,187.3,Healthy
Asset_L,0.0,0,191.3,Healthy
Asset_L,0.0,0,184.3,Healthy
Asset_M,0.0,0,176.0,Healthy
Asset_L,0.0016,0,177.1,Healthy
Asset_L,0.0,0,183.0,Healthy
Asset_L,0.0001,0,177.7,Healthy
Asset_L,0.0,0,173.5,Healthy
Asset_L,0.0,0,171.8,Healthy
Asset_L,0.0,0,171.0,Healthy
Asset_L,0.0005,0,168.9,Healthy
Asset_M,0.0,0,162.9,Healthy
Asset_M,0.0,0,157.0,Healthy
Asset_L,0.0,0,159.2,Healthy
Asset_H,0.0,0,164.0,Healthy
Asset_L,0.0,0,152.4,Healthy
Asset_M,0.0,0,157.4,Healthy
Asset_L,0.0,0,150.8,Healthy
Asset_M,0.0,0,146.6,Healthy
Asset_L,0.0,0,138.2,Healthy
Asset_H,0.0,0,146.3,Healthy
Asset_L,0.0,0,129.6,Healthy
Asset_L,0.0001,0,124.4,Healthy
Asset_L,0.0,0,121.5,Healthy
Asset_L,0.0,0,126.5,Healthy
Asset_M,0.0,0,128.6,Healthy
Asset_L,0.0,0,117.2,Healthy
Asset_M,0.0,0,123.5,Healthy
Asset_L,0.0,0,120.6,Healthy
Asset_L,0.0,0,115.7,Healthy
Asset_M,0.0,0,116.3,Healthy
Asset_M,0.0,0,108.3,Healthy
Asset_L,0.0,0,106.1,Healthy
Asset_M,0.0001,0,107.6,Healthy
Asset_L,0.0,0,99.7,Monitor
Asset_L,0.0,0,100.3,Healthy
Asset_M,0.0,0,104.6,Healthy
Asset_L,0.0,0,94.4,Monitor
Asset_L,0.0,0,88.7,Monitor
Asset_M,0.0,0,92.2,Monitor
Asset_M,0.0,0,88.0,Monitor
Asset_L,0.0,0,82.2,Monitor
Asset_M,0.0,0,76.8,Monitor
Asset_L,0.0,0,74.9,Monitor
Asset_M,0.0,0,78.7,Monitor
Asset_H,0.0,0,83.0,Monitor
Asset_L,0.0,0,64.4,Monitor
Asset_M,0.0,0,72.2,Monitor
Asset_M,0.0,0,60.0,Monitor
Asset_L,0.0,0,59.0,Monitor
Asset_L,0.0,0,58.1,Monitor
Asset_L,0.0001,0,55.5,Monitor
Asset_M,0.0,0,69.1,Monitor
Asset_M,0.0,0,53.0,Monitor
Asset_L,0.0001,0,48.9,Plan Maintenance
Asset_M,0.0,0,57.7,Monitor
Asset_L,0.0,0,46.1,Plan Maintenance
Asset_L,0.0,0,47.8,Plan Maintenance
Asset_L,0.0,0,45.0,Plan Maintenance
Asset_M,0.002,0,41.3,Plan Maintenance
Asset_L,0.0008,0,38.3,Plan Maintenance
Asset_L,0.0,0,36.7,Plan Maintenance
Asset_M,0.0006,0,32.9,Plan Maintenance
Asset_L,0.0,0,31.4,Plan Maintenance
Asset_H,0.0079,0,39.0,Plan Maintenance
Asset_M,0.0001,0,32.7,Plan Maintenance
Asset_L,0.998,1,18.6,Immediate Action
Asset_M,0.0002,0,224.1,Healthy
Asset_L,0.0,0,231.2,Healthy
Asset_L,0.0,0,226.7,Healthy
Asset_M,0.0,0,222.0,Healthy
Asset_L,0.0,0,220.1,Healthy
Asset_M,0.0,0,214.6,Healthy
Asset_L,0.0001,0,216.9,Healthy
Asset_L,0.0,0,213.0,Healthy
Asset_M,0.0,0,213.5,Healthy
Asset_L,0.0001,0,211.0,Healthy
Asset_M,0.0,0,202.7,Healthy
Asset_H,0.0001,0,206.5,Healthy
Asset_L,0.0,0,201.0,Healthy
Asset_M,0.0,0,195.4,Healthy
Asset_L,0.0,0,194.4,Healthy
Asset_L,0.0001,0,192.0,Healthy
Asset_L,0.0002,0,188.8,Healthy
Asset_L,0.0,0,186.8,Healthy
Asset_H,0.0004,0,188.1,Healthy
Asset_L,0.0,0,176.3,Healthy
Asset_L,0.0,0,175.3,Healthy
Asset_L,0.0,0,173.9,Healthy
Asset_L,0.0,0,174.1,Healthy
Asset_M,0.0001,0,164.1,Healthy
Asset_L,0.0005,0,166.5,Healthy
Asset_L,0.0001,0,165.4,Healthy
Asset_M,0.0,0,162.2,Healthy
Asset_H,0.0,0,165.9,Healthy
Asset_M,0.0,0,150.9,Healthy
Asset_L,0.0,0,150.9,Healthy
Asset_L,0.0,0,148.4,Healthy
Asset_M,0.0,0,146.8,Healthy
Asset_L,0.0,0,141.8,Healthy
Asset_L,0.0,0,138.4,Healthy
Asset_L,0.0,0,134.3,Healthy
Asset_M,0.0,0,129.4,Healthy
Asset_L,0.9993,1,132.8,Healthy
Asset_M,0.0,0,135.4,Healthy
Asset_M,0.0,0,135.4,Healthy
Asset_L,0.0,0,128.3,Healthy
Asset_L,0.0,0,125.1,Healthy
Asset_L,0.0001,0,122.8,Healthy
Asset_M,0.0,0,120.6,Healthy
Asset_L,0.0005,0,116.5,Healthy
Asset_M,0.0,0,110.0,Healthy
Asset_L,0.0,0,111.3,Healthy
Asset_L,0.0003,0,110.2,Healthy
Asset_H,0.0,0,114.3,Healthy
Asset_M,0.0001,0,100.2,Healthy
Asset_M,0.0001,0,98.3,Monitor
Asset_M,0.0,0,95.8,Monitor
Asset_H,0.0,0,104.8,Healthy
Asset_H,0.0002,0,100.0,Monitor
Asset_L,0.0,0,83.8,Monitor
Asset_L,0.0,0,82.4,Monitor
Asset_M,0.0001,0,81.6,Monitor
Asset_H,0.0,0,85.4,Monitor
Asset_L,0.0001,0,71.6,Monitor
Asset_L,0.0,0,68.1,Monitor
Asset_L,0.0,0,68.7,Monitor
Asset_L,0.0,0,68.0,Monitor
Asset_H,0.0001,0,70.4,Monitor
Asset_L,0.0001,0,57.9,Monitor
Asset_L,0.0,0,56.5,Monitor
Asset_L,0.0014,0,54.7,Monitor
Asset_L,0.0006,0,51.6,Monitor
Asset_L,0.0,0,48.7,Plan Maintenance
Asset_L,0.0,0,40.7,Plan Maintenance
Asset_L,0.0004,0,37.5,Plan Maintenance
Asset_L,0.0,0,38.3,Plan Maintenance
Asset_L,0.0002,0,36.1,Plan Maintenance
Asset_L,0.0,0,38.0,Plan Maintenance
Asset_H,0.0003,0,50.0,Plan Maintenance
Asset_M,0.0,0,31.3,Plan Maintenance
Asset_M,0.0,0,23.1,Plan Maintenance
Asset_M,0.0001,0,23.2,Plan Maintenance
Asset_L,1.0,1,28.4,Plan Maintenance
Asset_L,1.0,1,24.5,Plan Maintenance
Asset_H,0.0004,0,28.9,Plan Maintenance
Asset_L,0.0001,0,15.7,Immediate Action
Asset_L,0.0026,0,16.7,Immediate Action
Asset_L,0.0002,0,14.3,Immediate Action
Asset_L,1.0,1,16.3,Immediate Action
Asset_M,0.0024,0,7.3,Immediate Action
Asset_H,0.0053,0,13.5,Immediate Action
Asset_M,0.0017,0,3.2,Immediate Action
Asset_L,0.9993,1,6.7,Immediate Action
Asset_L,1.0,1,3.0,Immediate Action
Asset_L,0.0016,0,4.5,Immediate Action
Asset_M,0.0006,0,2.7,Immediate Action
Asset_L,0.9983,1,3.0,Immediate Action
Asset_L,0.007,0,4.2,Immediate Action
Asset_L,0.0228,0,4.4,Immediate Action
Asset_L,0.0094,0,3.4,Immediate Action
Asset_L,0.0521,0,7.2,Immediate Action
Asset_H,0.0,0,225.1,Healthy
Asset_M,0.0001,0,217.8,Healthy
Asset_L,0.0,0,218.1,Healthy
Asset_M,0.0001,0,214.9,Healthy
Asset_L,0.0,0,214.5,Healthy
Asset_L,0.0001,0,210.3,Healthy
Asset_M,0.0,0,204.3,Healthy
Asset_L,0.0,0,207.7,Healthy
Asset_L,0.0,0,206.2,Healthy
Asset_M,0.0,0,193.5,Healthy
Asset_L,0.0,0,199.7,Healthy
Asset_M,0.0,0,196.4,Healthy
Asset_H,0.0001,0,200.0,Healthy
Asset_L,0.0006,0,191.4,Healthy
Asset_L,0.0,0,191.6,Healthy
Asset_M,0.0,0,184.4,Healthy
Asset_L,0.0003,0,185.4,Healthy
Asset_L,0.0002,0,182.9,Healthy
Asset_M,0.0,0,173.9,Healthy
Asset_L,0.0,0,175.9,Healthy
Asset_M,0.0,0,167.8,Healthy
Asset_L,0.0,0,171.6,Healthy
Asset_L,0.0,0,169.2,Healthy
Asset_L,0.0,0,166.6,Healthy
Asset_L,0.0,0,168.1,Healthy
Asset_M,0.0,0,156.7,Healthy
Asset_L,0.0,0,155.6,Healthy
Asset_L,0.0,0,156.4,Healthy
Asset_M,0.0005,0,153.3,Healthy
Asset_L,0.0,0,148.7,Healthy
Asset_L,0.0,0,146.9,Healthy
Asset_L,0.0,0,147.7,Healthy
Asset_L,0.0,0,147.1,Healthy
Asset_L,0.0,0,144.2,Healthy
Asset_M,0.0001,0,140.0,Healthy
Asset_L,0.0,0,133.5,Healthy
Asset_L,0.0001,0,128.5,Healthy
Asset_M,0.0,0,129.9,Healthy
Asset_L,0.0008,0,125.9,Healthy
Asset_H,0.0,0,135.2,Healthy
Asset_M,0.0001,0,121.4,Healthy
Asset_L,0.0003,0,119.9,Healthy
Asset_L,0.0001,0,115.0,Healthy
Asset_L,0.0006,0,114.6,Healthy
Asset_H,0.0001,0,117.1,Healthy
Asset_L,0.0005,0,111.0,Healthy
Asset_L,0.0,0,107.9,Healthy
Asset_L,0.0011,0,108.7,Healthy
Asset_M,0.0002,0,103.8,Healthy
Asset_L,0.0,0,103.3,Healthy
Asset_H,0.0,0,105.9,Healthy
Asset_L,0.0,0,97.4,Monitor
Asset_M,0.0001,0,88.8,Monitor
Asset_M,0.0001,0,88.8,Monitor
Asset_L,0.0,0,87.3,Monitor
Asset_L,0.0,0,84.6,Monitor
Asset_L,0.0,0,79.6,Monitor
Asset_L,0.0006,0,74.8,Monitor
Asset_L,0.0,0,77.7,Monitor
Asset_L,0.0,0,76.7,Monitor
Asset_L,0.2458,0,73.7,Monitor
Asset_M,0.0,0,71.7,Monitor
Asset_H,0.0001,0,73.4,Monitor
Asset_L,0.0001,0,60.7,Monitor
Asset_M,0.0004,0,62.1,Monitor
Asset_L,0.0002,0,56.9,Monitor
Asset_L,0.0,0,56.2,Monitor
Asset_L,0.0,0,50.6,Monitor
Asset_M,0.0,0,48.3,Plan Maintenance
Asset_L,0.0,0,48.1,Plan Maintenance
Asset_L,0.0,0,46.6,Plan Maintenance
Asset_L,0.0,0,41.3,Plan Maintenance
Asset_L,0.0,0,41.9,Plan Maintenance
Asset_L,0.0,0,39.2,Plan Maintenance
Asset_L,0.0002,0,38.8,Plan Maintenance
Asset_L,0.0,0,38.6,Plan Maintenance
Asset_M,0.0,0,41.9,Plan Maintenance
Asset_H,0.0,0,43.9,Plan Maintenance
Asset_L,0.0,0,33.8,Plan Maintenance
Asset_L,0.0002,0,33.0,Plan Maintenance
Asset_L,0.0,0,28.6,Plan Maintenance
Asset_L,0.0001,0,26.9,Plan Maintenance
Asset_M,0.0005,0,16.3,Immediate Action
Asset_H,0.0661,0,25.6,Plan Maintenance
Asset_L,0.0054,0,14.3,Immediate Action
Asset_M,0.0107,0,7.3,Immediate Action
Asset_L,0.998,1,7.1,Immediate Action
Asset_L,0.0,0,224.9,Healthy
Asset_M,0.0001,0,216.3,Healthy
Asset_L,0.0001,0,232.9,Healthy
Asset_L,0.0005,0,226.6,Healthy
Asset_M,0.0,0,214.2,Healthy
Asset_L,0.9991,1,218.9,Healthy
Asset_L,0.0,0,224.2,Healthy
Asset_H,0.0,0,215.8,Healthy
Asset_L,0.0,0,215.3,Healthy
Asset_L,0.0,0,214.8,Healthy
Asset_L,0.0001,0,205.7,Healthy
Asset_H,0.0,0,201.6,Healthy
Asset_M,0.0,0,192.3,Healthy
Asset_L,0.0,0,197.1,Healthy
Asset_L,0.0,0,193.8,Healthy
Asset_H,0.0,0,197.6,Healthy
Asset_M,0.0,0,179.2,Healthy
Asset_M,0.0001,0,172.0,Healthy
Asset_L,0.0001,0,173.8,Healthy
Asset_H,0.0001,0,175.3,Healthy
Asset_L,0.0,0,168.7,Healthy
Asset_M,0.0,0,160.4,Healthy
Asset_L,0.0,0,165.3,Healthy
Asset_L,0.0,0,163.9,Healthy
Asset_H,0.0001,0,165.1,Healthy
Asset_M,0.0001,0,150.5,Healthy
Asset_H,0.0,0,160.8,Healthy
Asset_M,0.0,0,143.2,Healthy
Asset_H,0.0001,0,154.9,Healthy
Asset_M,0.0,0,137.3,Healthy
Asset_L,0.0001,0,130.0,Healthy
Asset_L,0.0,0,126.8,Healthy
Asset_M,0.0,0,122.3,Healthy
Asset_H,0.0,0,135.2,Healthy
Asset_H,0.0004,0,131.8,Healthy
Asset_L,0.0,0,115.2,Healthy
Asset_L,0.0001,0,112.2,Healthy
Asset_H,0.0001,0,119.0,Healthy
Asset_M,0.0,0,102.8,Healthy
Asset_L,0.0,0,106.4,Healthy
Asset_M,0.0,0,100.3,Healthy
Asset_H,0.0001,0,108.2,Healthy
Asset_M,0.0001,0,92.6,Monitor
Asset_H,0.0001,0,99.4,Monitor
Asset_L,0.0014,0,88.6,Monitor
Asset_L,0.0,0,85.4,Monitor
Asset_L,0.0004,0,79.9,Monitor
Asset_L,0.0076,0,87.7,Monitor
Asset_L,0.0004,0,86.7,Monitor
Asset_M,0.0001,0,80.2,Monitor
Asset_M,0.0,0,72.8,Monitor
Asset_L,0.0001,0,76.2,Monitor
Asset_L,0.0002,0,73.7,Monitor
Asset_M,0.0001,0,66.6,Monitor
Asset_L,0.0002,0,71.3,Monitor
Asset_H,0.0,0,68.4,Monitor
Asset_M,0.0,0,58.8,Monitor
Asset_M,0.0004,0,51.4,Monitor
Asset_M,0.0,0,49.2,Plan Maintenance
Asset_M,0.0,0,46.4,Plan Maintenance
Asset_M,0.0,0,42.3,Plan Maintenance
Asset_M,0.0,0,38.8,Plan Maintenance
Asset_L,0.0002,0,37.8,Plan Maintenance
Asset_L,1.0,1,35.3,Plan Maintenance
Asset_M,0.0,0,33.0,Plan Maintenance
Asset_L,0.0003,0,33.4,Plan Maintenance
Asset_L,0.0004,0,26.3,Plan Maintenance
Asset_L,0.0011,0,26.3,Plan Maintenance
Asset_M,0.0044,0,23.2,Plan Maintenance
Asset_L,0.018,0,25.7,Plan Maintenance
Asset_M,0.0005,0,18.3,Immediate Action
Asset_L,1.0,1,17.3,Immediate Action
Asset_L,0.0026,0,17.0,Immediate Action
Asset_L,0.0083,0,19.9,Immediate Action
Asset_L,0.0115,0,16.6,Immediate Action
Asset_M,0.0,0,215.2,Healthy
Asset_L,0.0,0,220.8,Healthy
Asset_M,0.0,0,213.0,Healthy
Asset_M,0.0,0,207.8,Healthy
Asset_L,0.0001,0,214.3,Healthy
Asset_M,0.0,0,208.3,Healthy
Asset_H,0.0,0,214.4,Healthy
Asset_M,0.0001,0,198.5,Healthy
Asset_L,0.0,0,197.2,Healthy
Asset_L,0.0001,0,196.8,Healthy
Asset_H,0.0,0,201.9,Healthy
Asset_L,0.0,0,191.6,Healthy
Asset_L,0.0,0,195.3,Healthy
Asset_L,0.0,0,191.0,Healthy
Asset_H,0.0,0,198.4,Healthy
Asset_L,0.0,0,183.7,Healthy
Asset_M,0.0,0,175.5,Healthy
Asset_M,0.0,0,172.5,Healthy
Asset_L,0.0,0,172.3,Healthy
Asset_L,0.0,0,169.9,Healthy
Asset_H,0.0,0,180.0,Healthy
Asset_L,0.0,0,165.4,Healthy
Asset_L,0.0003,0,165.4,Healthy
Asset_M,0.0001,0,154.5,Healthy
Asset_L,0.0,0,155.0,Healthy
Asset_M,0.0,0,152.2,Healthy
Asset_H,0.0,0,159.9,Healthy
Asset_M,0.0,0,144.8,Healthy
Asset_M,0.0003,0,140.6,Healthy
Asset_L,0.0001,0,140.9,Healthy
Asset_M,0.0,0,136.0,Healthy
Asset_M,0.0001,0,128.4,Healthy
Asset_L,0.0,0,128.3,Healthy
Asset_L,0.0001,0,130.3,Healthy
Asset_L,0.0001,0,126.6,Healthy
Asset_L,0.0,0,128.3,Healthy
Asset_H,0.0,0,133.0,Healthy
Asset_M,0.0,0,114.6,Healthy
Asset_L,0.0003,0,116.4,Healthy
Asset_L,0.0,0,110.2,Healthy
Asset_M,0.0003,0,108.8,Healthy
Asset_M,0.0003,0,107.7,Healthy
Asset_H,0.0,0,110.9,Healthy
Asset_L,0.0017,0,104.6,Healthy
Asset_L,0.0005,0,105.1,Healthy
Asset_M,0.0,0,98.3,Monitor
Asset_L,0.0001,0,96.5,Monitor
Asset_L,0.0,0,101.2,Healthy
Asset_L,0.0001,0,93.5,Monitor
Asset_H,0.0001,0,101.0,Healthy
Asset_L,0.0001,0,85.4,Monitor
Asset_L,0.0003,0,85.0,Monitor
Asset_L,0.0001,0,79.1,Monitor
Asset_L,0.0,0,80.4,Monitor
Asset_M,0.0,0,73.7,Monitor
Asset_H,0.0,0,82.1,Monitor
Asset_L,0.0,0,63.4,Monitor
Asset_L,0.0,0,63.4,Monitor
Asset_H,0.0,0,70.8,Monitor
Asset_M,0.0001,0,54.9,Monitor
Asset_L,0.0,0,48.4,Plan Maintenance
Asset_L,0.0,0,48.7,Plan Maintenance
Asset_M,0.0,0,49.0,Plan Maintenance
Asset_L,0.0,0,47.1,Plan Maintenance
Asset_L,0.0,0,40.3,Plan Maintenance
Asset_L,0.0,0,34.9,Plan Maintenance
Asset_H,0.0,0,48.9,Plan Maintenance
Asset_M,0.0,0,32.9,Plan Maintenance
Asset_H,0.0001,0,35.7,Plan Maintenance
Asset_M,0.0,0,22.7,Plan Maintenance
Asset_L,0.0,0,18.8,Immediate Action
Asset_M,0.0001,0,20.2,Plan Maintenance
Asset_M,0.0,0,18.2,Immediate Action
Asset_M,0.0002,0,14.0,Immediate Action
Asset_L,0.0,0,216.1,Healthy
Asset_L,0.0,0,214.3,Healthy
Asset_L,0.0001,0,216.3,Healthy
Asset_M,0.0,0,218.5,Healthy
Asset_L,0.0,0,209.8,Healthy
Asset_L,0.0,0,207.8,Healthy
Asset_L,0.0,0,208.9,Healthy
Asset_M,0.0,0,203.6,Healthy
Asset_M,0.0,0,205.5,Healthy
Asset_M,0.0,0,202.4,Healthy
Asset_L,0.0,0,196.5,Healthy
Asset_L,0.0,0,193.7,Healthy
Asset_H,0.0,0,207.7,Healthy
Asset_M,0.0,0,186.9,Healthy
Asset_H,0.0,0,200.2,Healthy
Asset_M,0.0,0,179.2,Healthy
Asset_M,0.0,0,174.9,Healthy
Asset_M,0.0,0,173.4,Healthy
Asset_M,0.0,0,164.3,Healthy
Asset_L,0.0,0,162.2,Healthy
Asset_M,0.0,0,168.3,Healthy
Asset_H,0.0,0,178.5,Healthy
Asset_L,0.0,0,153.3,Healthy
Asset_L,0.0,0,154.6,Healthy
Asset_L,0.0,0,146.2,Healthy
Asset_L,0.0,0,144.2,Healthy
Asset_L,0.0,0,146.1,Healthy
Asset_L,0.0,0,137.9,Healthy
Asset_H,0.0,0,154.2,Healthy
Asset_L,0.0,0,136.6,Healthy
Asset_L,0.0,0,129.4,Healthy
Asset_H,0.0007,0,146.8,Healthy
Asset_M,0.0,0,123.4,Healthy
Asset_L,0.0,0,117.0,Healthy
Asset_L,0.0,0,116.6,Healthy
Asset_M,0.0,0,118.3,Healthy
Asset_L,0.0,0,118.3,Healthy
Asset_L,0.0,0,108.6,Healthy
Asset_L,0.0,0,110.8,Healthy
Asset_M,0.0,0,106.6,Healthy
Asset_L,0.0,0,111.6,Healthy
Asset_M,0.0003,0,107.7,Healthy
Asset_L,0.0,0,97.8,Monitor
Asset_L,0.0001,0,106.0,Healthy
Asset_L,0.0,0,103.4,Healthy
Asset_L,0.0,0,93.0,Monitor
Asset_M,0.0,0,94.0,Monitor
Asset_M,0.0,0,85.5,Monitor
Asset_M,0.0,0,82.8,Monitor
Asset_L,0.0,0,78.8,Monitor
Asset_M,0.0,0,77.5,Monitor
Asset_L,0.0,0,77.8,Monitor
Asset_L,0.0,0,78.5,Monitor
Asset_L,0.0001,0,81.9,Monitor
Asset_L,0.0001,0,69.4,Monitor
Asset_L,0.0,0,71.6,Monitor
Asset_L,0.0,0,64.9,Monitor
Asset_L,0.0002,0,65.3,Monitor
Asset_L,0.0,0,62.4,Monitor
Asset_M,0.0,0,59.7,Monitor
Asset_L,0.0,0,59.9,Monitor
Asset_L,0.0,0,59.9,Monitor
Asset_H,0.0,0,58.8,Monitor
Asset_H,0.0,0,75.1,Monitor
Asset_L,0.0,0,48.6,Plan Maintenance
Asset_L,0.0,0,43.1,Plan Maintenance
Asset_L,1.0,1,45.4,Plan Maintenance
Asset_M,0.0,0,44.0,Plan Maintenance
Asset_L,0.0,0,41.6,Plan Maintenance
Asset_L,0.0,0,30.0,Plan Maintenance
Asset_H,0.0,0,43.4,Plan Maintenance
Asset_L,0.0001,0,27.8,Plan Maintenance
Asset_L,0.0,0,26.1,Plan Maintenance
Asset_L,0.0007,0,17.6,Immediate Action
Asset_M,0.0,0,25.8,Plan Maintenance
Asset_L,0.0002,0,13.7,Immediate Action
Asset_H,0.0,0,38.3,Plan Maintenance
Asset_H,0.0004,0,37.5,Plan Maintenance
Asset_M,0.0002,0,17.0,Immediate Action
Asset_M,0.0008,0,11.1,Immediate Action
Asset_L,0.0003,0,4.2,Immediate Action
Asset_M,0.0,0,216.4,Healthy
Asset_L,0.0,0,219.4,Healthy
Asset_M,0.0,0,219.2,Healthy
Asset_L,0.0,0,202.0,Healthy
Asset_L,0.0,0,211.6,Healthy
Asset_L,0.0,0,208.1,Healthy
Asset_M,0.0,0,208.6,Healthy
Asset_H,0.0,0,208.9,Healthy
Asset_M,0.0,0,205.9,Healthy
Asset_H,0.0,0,204.4,Healthy
Asset_M,0.0,0,198.2,Healthy
